participantId,teamId,championId,spell1Id,spell2Id,team,summonerName,role,stats.participantId,stats.win,stats.item0,stats.item1,stats.item2,stats.item3,stats.item4,stats.item5,stats.item6,stats.kills,stats.deaths,stats.assists,stats.largestKillingSpree,stats.largestMultiKill,stats.killingSprees,stats.longestTimeSpentLiving,stats.doubleKills,stats.tripleKills,stats.quadraKills,stats.pentaKills,stats.unrealKills,stats.totalDamageDealt,stats.magicDamageDealt,stats.physicalDamageDealt,stats.trueDamageDealt,stats.largestCriticalStrike,stats.totalDamageDealtToChampions,stats.magicDamageDealtToChampions,stats.physicalDamageDealtToChampions,stats.trueDamageDealtToChampions,stats.totalHeal,stats.totalUnitsHealed,stats.damageSelfMitigated,stats.damageDealtToObjectives,stats.damageDealtToTurrets,stats.visionScore,stats.timeCCingOthers,stats.totalDamageTaken,stats.magicalDamageTaken,stats.physicalDamageTaken,stats.trueDamageTaken,stats.goldEarned,stats.goldSpent,stats.turretKills,stats.inhibitorKills,stats.totalMinionsKilled,stats.neutralMinionsKilled,stats.neutralMinionsKilledTeamJungle,stats.neutralMinionsKilledEnemyJungle,stats.totalTimeCrowdControlDealt,stats.champLevel,stats.visionWardsBoughtInGame,stats.sightWardsBoughtInGame,stats.wardsPlaced,stats.wardsKilled,stats.firstBloodKill,stats.firstBloodAssist,stats.firstTowerKill,stats.firstTowerAssist,stats.firstInhibitorKill,stats.firstInhibitorAssist,stats.combatPlayerScore,stats.objectivePlayerScore,stats.totalPlayerScore,stats.totalScoreRank,stats.playerScore0,stats.playerScore1,stats.playerScore2,stats.playerScore3,stats.playerScore4,stats.playerScore5,stats.playerScore6,stats.playerScore7,stats.playerScore8,stats.playerScore9,stats.perk0,stats.perk0Var1,stats.perk0Var2,stats.perk0Var3,stats.perk1,stats.perk1Var1,stats.perk1Var2,stats.perk1Var3,stats.perk2,stats.perk2Var1,stats.perk2Var2,stats.perk2Var3,stats.perk3,stats.perk3Var1,stats.perk3Var2,stats.perk3Var3,stats.perk4,stats.perk4Var1,stats.perk4Var2,stats.perk4Var3,stats.perk5,stats.perk5Var1,stats.perk5Var2,stats.perk5Var3,stats.perkPrimaryStyle,stats.perkSubStyle,stats.statPerk0,stats.statPerk1,stats.statPerk2,timeline.participantId,timeline.creepsPerMinDeltas.10-20,timeline.creepsPerMinDeltas.0-10,timeline.creepsPerMinDeltas.30-end,timeline.creepsPerMinDeltas.20-30,timeline.xpPerMinDeltas.10-20,timeline.xpPerMinDeltas.0-10,timeline.xpPerMinDeltas.30-end,timeline.xpPerMinDeltas.20-30,timeline.goldPerMinDeltas.10-20,timeline.goldPerMinDeltas.0-10,timeline.goldPerMinDeltas.30-end,timeline.goldPerMinDeltas.20-30,timeline.damageTakenPerMinDeltas.10-20,timeline.damageTakenPerMinDeltas.0-10,timeline.damageTakenPerMinDeltas.30-end,timeline.damageTakenPerMinDeltas.20-30,timeline.role,timeline.lane,gameId,platformId,gameCreation,gameDuration,queueId,mapId,seasonId,gameVersion,gameMode,gameType,stats.kills.team,stats.deaths.team,stats.assists.team,stats.doubleKills.team,stats.tripleKills.team,stats.quadraKills.team,stats.pentaKills.team,stats.unrealKills.team,stats.magicDamageDealt.team,stats.physicalDamageDealt.team,stats.trueDamageDealt.team,stats.largestCriticalStrike.team,stats.totalDamageDealtToChampions.team,stats.magicDamageDealtToChampions.team,stats.physicalDamageDealtToChampions.team,stats.trueDamageDealtToChampions.team,stats.totalHeal.team,stats.totalUnitsHealed.team,stats.damageSelfMitigated.team,stats.damageDealtToObjectives.team,stats.damageDealtToTurrets.team,stats.visionScore.team,stats.timeCCingOthers.team,stats.totalDamageTaken.team,stats.magicalDamageTaken.team,stats.physicalDamageTaken.team,stats.trueDamageTaken.team,stats.goldEarned.team,stats.turretKills.team,stats.inhibitorKills.team,stats.totalMinionsKilled.team,stats.neutralMinionsKilled.team,stats.neutralMinionsKilledTeamJungle.team,stats.neutralMinionsKilledEnemyJungle.team,stats.totalTimeCrowdControlDealt.team,stats.visionWardsBoughtInGame.team,stats.sightWardsBoughtInGame.team,stats.wardsPlaced.team,stats.wardsKilled.team,timeline.creepsPerMinDeltas.10-20.team,timeline.creepsPerMinDeltas.0-10.team,timeline.creepsPerMinDeltas.30-end.team,timeline.creepsPerMinDeltas.20-30.team,timeline.xpPerMinDeltas.10-20.team,timeline.xpPerMinDeltas.0-10.team,timeline.xpPerMinDeltas.30-end.team,timeline.xpPerMinDeltas.20-30.team,timeline.goldPerMinDeltas.10-20.team,timeline.goldPerMinDeltas.0-10.team,timeline.goldPerMinDeltas.30-end.team,timeline.goldPerMinDeltas.20-30.team,timeline.damageTakenPerMinDeltas.10-20.team,timeline.damageTakenPerMinDeltas.0-10.team,timeline.damageTakenPerMinDeltas.30-end.team,timeline.damageTakenPerMinDeltas.20-30.team
1,100,150,4,12,FTA,PuTigo,TOP,1,False,6631,3111,2055,3053,4401,3075,3340,4,0,3,4,2,1,0,1,0,0,0,0,269259,24455,236409,8394,11,22767,2170,20577,19,9173,1,25309,27591,8963,50,36,19165,8937,9153,1074,15716,15225,3,1,272,26,7,11,740,18,15,0,27,7,False,False,False,True,False,False,0,0,0,0,0,0,0,0,0,0,0,0,0,0,8021,2294,0,0,9101,5122,6779,0,9105,17,10,0,8299,70,0,0,8139,894,0,0,8135,2090,3,0,8000,8100,5005,5008,5002,1,8.8,8.6,8.0,5.6,542.5,450.0,695.6,539.4,474.2,298.29999999999995,509.6,416.6,504.79999999999995,200.8,74.2,588.0,DUO,MIDDLE,1684016,ESPORTSTMNT02,1612308533388,2344,0,11,13,11.2.353.8505,CLASSIC,CUSTOM_GAME,8,11,20,1,0,0,0,0,449884,447570,37745,427,64337,31558,30971,1805,31130,11,75162,70053,13207,328,101,90847,42514,42957,5371,64571,7,2,928,260,173,37,2150,59,0,136,61,29.3,26.1,23.400000000000002,23.400000000000002,2212.6,1754.7,2002.2,2343.6,1774.5,1238.3999999999999,1841.2,1809.3,1515.3999999999999,1234.5000000000002,2567.8,2377.1
2,100,163,4,11,FTA,Nebraska,JG,2,False,3157,6653,2055,3116,3020,0,3364,0,3,4,0,0,0,1935,0,0,0,0,0,202928,177920,16274,8733,0,6055,5497,182,375,8857,1,10853,20714,914,60,9,21430,8413,11761,1255,11879,11825,1,0,50,183,133,14,587,15,13,0,19,14,False,False,True,False,False,True,0,0,0,0,0,0,0,0,0,0,0,0,0,0,8230,7,0,0,8275,17,0,0,8234,18488,0,0,8232,8,10,0,8126,448,0,0,8135,2476,3,0,8200,8100,5005,5008,5002,2,0.6,0.30000000000000004,2.8,2.2,417.5,350.79999999999995,281.0,463.7,312.4,272.0,285.8,332.9,414.4,479.6,620.2,358.9,DUO,MIDDLE,1684016,ESPORTSTMNT02,1612308533388,2344,0,11,13,11.2.353.8505,CLASSIC,CUSTOM_GAME,8,11,20,1,0,0,0,0,449884,447570,37745,427,64337,31558,30971,1805,31130,11,75162,70053,13207,328,101,90847,42514,42957,5371,64571,7,2,928,260,173,37,2150,59,0,136,61,29.3,26.1,23.400000000000002,23.400000000000002,2212.6,1754.7,2002.2,2343.6,1774.5,1238.3999999999999,1841.2,1809.3,1515.3999999999999,1234.5000000000002,2567.8,2377.1
3,100,112,4,12,FTA,Xuradel,MID,3,False,3040,6653,3157,3135,3158,1082,3363,1,3,6,0,1,0,1458,0,0,0,0,0,234490,220636,13854,0,0,18822,18745,77,0,5232,1,12781,6965,2263,51,27,15760,9911,5541,307,13795,13450,1,0,286,31,16,12,595,17,4,0,16,8,False,False,False,False,False,True,0,0,0,0,0,0,0,0,0,0,0,0,0,0,8230,8,0,0,8226,250,1874,0,8210,8,0,0,8236,48,0,0,8139,1152,0,0,8135,3120,4,0,8200,8100,5007,5008,5003,3,9.600000000000001,8.3,3.4,7.800000000000001,563.8,414.2,401.4,534.0,380.20000000000005,268.0,334.6,404.5,254.39999999999998,265.9,893.0,286.1,DUO,BOTTOM,1684016,ESPORTSTMNT02,1612308533388,2344,0,11,13,11.2.353.8505,CLASSIC,CUSTOM_GAME,8,11,20,1,0,0,0,0,449884,447570,37745,427,64337,31558,30971,1805,31130,11,75162,70053,13207,328,101,90847,42514,42957,5371,64571,7,2,928,260,173,37,2150,59,0,136,61,29.3,26.1,23.400000000000002,23.400000000000002,2212.6,1754.7,2002.2,2343.6,1774.5,1238.3999999999999,1841.2,1809.3,1515.3999999999999,1234.5000000000002,2567.8,2377.1
4,100,145,7,4,FTA,Doosu,ADC,4,False,3046,2420,6672,6676,3006,3123,3363,2,2,3,0,1,0,1941,0,0,0,0,0,206616,18855,174818,12943,416,14095,2918,9783,1393,6635,3,9021,14783,1067,51,2,16576,6648,8802,1125,14487,12850,2,1,271,20,17,0,68,15,8,0,18,13,False,False,False,False,False,False,0,0,0,0,0,0,0,0,0,0,0,0,0,0,9923,28,77,0,8139,632,0,0,8138,6,0,0,8135,2679,3,0,8017,1126,0,0,8009,1103,0,0,8100,8000,5005,5008,5002,4,8.2,7.4,8.0,7.1,386.0,312.9,354.4,490.70000000000005,347.70000000000005,252.8,460.2,436.0,127.7,136.0,507.0,617.3,DUO,BOTTOM,1684016,ESPORTSTMNT02,1612308533388,2344,0,11,13,11.2.353.8505,CLASSIC,CUSTOM_GAME,8,11,20,1,0,0,0,0,449884,447570,37745,427,64337,31558,30971,1805,31130,11,75162,70053,13207,328,101,90847,42514,42957,5371,64571,7,2,928,260,173,37,2150,59,0,136,61,29.3,26.1,23.400000000000002,23.400000000000002,2212.6,1754.7,2002.2,2343.6,1774.5,1238.3999999999999,1841.2,1809.3,1515.3999999999999,1234.5000000000002,2567.8,2377.1
5,100,201,3,4,FTA,Onier,SUP,5,False,3190,3857,2055,3109,3117,3067,3364,1,3,4,0,1,0,1365,0,0,0,0,0,21909,8018,6215,7675,0,2598,2228,352,18,1233,5,17198,0,0,116,27,17916,8605,7700,1610,8694,8525,0,0,49,0,0,0,160,13,19,0,56,19,False,False,False,False,False,False,0,0,0,0,0,0,0,0,0,0,0,0,0,0,8465,3196,0,0,8463,1029,0,0,8473,496,0,0,8242,20,0,0,8345,3,0,0,8352,29,150,0,8400,8300,5005,5002,5003,5,2.1,1.5,1.2,0.7,302.79999999999995,226.8,269.8,315.8,260.0,147.3,251.0,219.3,214.1,152.20000000000002,473.4,526.8,DUO,BOTTOM,1684016,ESPORTSTMNT02,1612308533388,2344,0,11,13,11.2.353.8505,CLASSIC,CUSTOM_GAME,8,11,20,1,0,0,0,0,449884,447570,37745,427,64337,31558,30971,1805,31130,11,75162,70053,13207,328,101,90847,42514,42957,5371,64571,7,2,928,260,173,37,2150,59,0,136,61,29.3,26.1,23.400000000000002,23.400000000000002,2212.6,1754.7,2002.2,2343.6,1774.5,1238.3999999999999,1841.2,1809.3,1515.3999999999999,1234.5000000000002,2567.8,2377.1
6,200,516,12,4,SAP,Chiu,TOP,6,True,4401,7004,3070,3111,3075,3801,3340,0,1,7,0,0,0,1174,0,0,0,0,0,135034,70375,60919,3739,0,5583,3425,1422,734,4327,2,35352,9882,597,42,17,24846,7220,17536,89,11503,11225,2,0,215,10,0,0,494,18,1,0,16,6,False,False,False,False,False,False,0,0,0,0,0,0,0,0,0,0,0,0,0,0,8360,13,0,0,8304,12,0,0,8345,3,0,0,8347,0,0,0,8444,2054,0,0,8453,662,72,0,8300,8400,5005,5002,5003,6,6.6,6.8,3.6,6.1,395.9,465.0,549.6,443.0,275.9,239.8,269.6,286.3,618.9,333.1,928.0,674.9,NONE,JUNGLE,1684016,ESPORTSTMNT02,1612308533388,2344,0,11,13,11.2.353.8505,CLASSIC,CUSTOM_GAME,11,8,28,2,0,0,0,0,399409,522788,42158,812,64438,39663,19423,5346,36235,9,117632,99202,16337,316,104,105541,34631,69099,1806,66533,7,1,962,247,166,4,1245,48,0,135,59,27.3,26.5,24.6,23.9,1872.6,1873.9,2701.8,2048.8,1507.0000000000002,1290.3,2006.8000000000002,1552.6999999999998,2589.0,1419.5,3168.8,2994.3
7,200,120,6,11,SAP,Sandroxx,JG,7,True,3111,2055,3053,3211,3067,7018,3364,0,4,8,0,0,0,1009,0,0,0,0,0,198193,22085,160491,15616,0,5751,1481,3445,824,24608,1,36818,33689,0,59,24,41651,10866,29881,902,11930,10983,0,0,28,181,126,0,238,16,12,0,11,19,False,False,False,False,False,False,0,0,0,0,0,0,0,0,0,0,0,0,0,0,8010,16,0,0,9111,692,160,0,9104,18,20,0,8299,367,0,0,8143,271,0,0,8135,3962,4,0,8000,8100,5008,5008,5002,7,0.4,0.2,1.8,1.1,356.2,326.5,502.8,381.4,279.1,265.2,283.8,298.0,1045.6,833.3,713.4,1104.7,NONE,JUNGLE,1684016,ESPORTSTMNT02,1612308533388,2344,0,11,13,11.2.353.8505,CLASSIC,CUSTOM_GAME,11,8,28,2,0,0,0,0,399409,522788,42158,812,64438,39663,19423,5346,36235,9,117632,99202,16337,316,104,105541,34631,69099,1806,66533,7,1,962,247,166,4,1245,48,0,135,59,27.3,26.5,24.6,23.9,1872.6,1873.9,2701.8,2048.8,1507.0000000000002,1290.3,2006.8000000000002,1552.6999999999998,2589.0,1419.5,3168.8,2994.3
8,200,134,12,4,SAP,Shieldworm,MID,8,True,7013,2420,3020,3089,3040,3135,3363,6,2,2,5,2,1,1052,1,0,0,0,0,301412,274158,19163,8090,0,32172,29257,308,2606,968,1,7109,4998,3924,44,40,11989,4745,7196,47,17040,15875,1,1,347,36,24,4,428,18,6,0,16,8,True,False,False,False,False,False,0,0,0,0,0,0,0,0,0,0,0,0,0,0,8230,8,0,0,8226,250,1641,0,8210,15,0,0,8237,595,0,0,8304,11,1,5,8345,3,0,0,8200,8300,5005,5008,5003,8,9.9,9.3,9.8,7.1,480.5,519.0,680.4,415.7,370.70000000000005,335.5,553.2,327.0,356.5,150.8,348.0,345.1,NONE,JUNGLE,1684016,ESPORTSTMNT02,1612308533388,2344,0,11,13,11.2.353.8505,CLASSIC,CUSTOM_GAME,11,8,28,2,0,0,0,0,399409,522788,42158,812,64438,39663,19423,5346,36235,9,117632,99202,16337,316,104,105541,34631,69099,1806,66533,7,1,962,247,166,4,1245,48,0,135,59,27.3,26.5,24.6,23.9,1872.6,1873.9,2701.8,2048.8,1507.0000000000002,1290.3,2006.8000000000002,1552.6999999999998,2589.0,1419.5,3168.8,2994.3
9,200,498,7,4,SAP,Shade,ADC,9,True,3094,3508,3006,3033,7006,3031,3363,5,0,3,5,2,1,2339,1,0,0,0,0,290190,2711,280165,7313,812,15483,928,14248,305,4229,4,6309,47634,11171,58,10,13748,8545,5168,34,17259,16500,4,0,328,20,16,0,63,17,6,0,16,13,False,False,False,False,False,False,0,0,0,0,0,0,0,0,0,0,0,0,0,0,8008,1,30,0,9111,449,160,0,9103,27,30,0,8014,261,0,0,8345,3,0,0,8304,12,0,0,8000,8300,5005,5008,5002,9,8.8,8.8,9.0,8.7,394.6,344.0,583.4,466.90000000000003,366.1,293.29999999999995,666.2,450.09999999999997,293.29999999999995,33.5,903.6,372.8,SOLO,BOTTOM,1684016,ESPORTSTMNT02,1612308533388,2344,0,11,13,11.2.353.8505,CLASSIC,CUSTOM_GAME,11,8,28,2,0,0,0,0,399409,522788,42158,812,64438,39663,19423,5346,36235,9,117632,99202,16337,316,104,105541,34631,69099,1806,66533,7,1,962,247,166,4,1245,48,0,135,59,27.3,26.5,24.6,23.9,1872.6,1873.9,2701.8,2048.8,1507.0000000000002,1290.3,2006.8000000000002,1552.6999999999998,2589.0,1419.5,3168.8,2994.3
10,200,3,4,14,SAP,Zeku,SUP,10,True,3860,3111,7019,3109,0,0,3364,0,1,8,0,0,0,1043,0,0,0,0,0,39531,30080,2050,7400,0,5449,4572,0,877,2103,1,32044,2999,645,113,13,13307,3255,9318,734,8801,8125,0,0,44,0,0,0,22,15,23,0,76,13,False,False,False,False,False,False,0,0,0,0,0,0,0,0,0,0,0,0,0,0,8439,117,0,0,8446,433,0,0,8473,378,0,0,8451,226,0,0,8275,7,0,0,8210,15,0,0,8400,8200,5008,5008,5002,10,1.6,1.4,0.4,0.8999999999999999,245.4,219.4,385.6,341.8,215.2,156.5,234.0,191.3,274.7,68.8,275.8,496.8,NONE,JUNGLE,1684016,ESPORTSTMNT02,1612308533388,2344,0,11,13,11.2.353.8505,CLASSIC,CUSTOM_GAME,11,8,28,2,0,0,0,0,399409,522788,42158,812,64438,39663,19423,5346,36235,9,117632,99202,16337,316,104,105541,34631,69099,1806,66533,7,1,962,247,166,4,1245,48,0,135,59,27.3,26.5,24.6,23.9,1872.6,1873.9,2701.8,2048.8,1507.0000000000002,1290.3,2006.8000000000002,1552.6999999999998,2589.0,1419.5,3168.8,2994.3
1,100,43,4,12,GOAT,Sun,TOP,1,False,2033,2055,3067,1004,3158,6617,3363,0,3,3,0,0,0,1344,0,0,0,0,0,48405,39642,8762,0,0,3978,3549,429,0,2617,5,4702,548,0,29,8,8412,4770,3528,114,6189,5400,0,0,114,0,0,0,191,12,6,0,11,7,False,False,False,False,False,False,0,0,0,0,0,0,0,0,0,0,0,0,0,0,8229,568,0,0,8226,250,123,0,8210,4,0,0,8236,24,0,0,8345,3,0,0,8352,108,429,331,8200,8300,5008,5008,5002,1,5.1,5.9,,,400.29999999999995,396.9,,,231.7,218.4,,,121.8,77.9,,,DUO,MIDDLE,1684071,ESPORTSTMNT02,1612312778151,1626,0,11,13,11.2.353.8505,CLASSIC,CUSTOM_GAME,6,14,14,0,0,0,0,0,152005,256171,22400,368,38555,18484,16927,3141,25978,16,53017,13205,6001,164,50,76776,27139,46585,3048,39171,1,0,573,156,121,20,569,32,0,64,32,24.2,24.200000000000003,0.0,0.0,1967.2,1734.3999999999999,0.0,0.0,1540.0,1202.9,0.0,0.0,2635.9,1464.7999999999997,0.0,0.0
2,100,120,11,6,GOAT,Haung,JG,2,False,3053,2055,3047,6632,0,0,3364,2,4,3,0,1,0,703,0,0,0,0,0,132924,17788,108463,6672,0,10171,2228,7211,732,15873,1,23007,4171,0,29,14,33572,8982,23458,1131,8775,8375,0,0,23,136,112,12,225,13,5,0,4,6,False,False,False,False,False,False,0,0,0,0,0,0,0,0,0,0,0,0,0,0,8010,380,0,0,9111,405,100,0,9104,19,50,0,8299,359,0,0,8143,301,0,0,8135,1324,3,0,8000,8100,5005,5008,5002,2,0.5,0.30000000000000004,,,430.79999999999995,321.0,,,369.6,260.6,,,1286.8,848.5999999999999,,,DUO,MIDDLE,1684071,ESPORTSTMNT02,1612312778151,1626,0,11,13,11.2.353.8505,CLASSIC,CUSTOM_GAME,6,14,14,0,0,0,0,0,152005,256171,22400,368,38555,18484,16927,3141,25978,16,53017,13205,6001,164,50,76776,27139,46585,3048,39171,1,0,573,156,121,20,569,32,0,64,32,24.2,24.200000000000003,0.0,0.0,1967.2,1734.3999999999999,0.0,0.0,1540.0,1202.9,0.0,0.0,2635.9,1464.7999999999997,0.0,0.0
3,100,142,4,14,GOAT,Zmbx,MID,3,False,2033,3145,0,3070,6655,3158,3363,0,1,2,0,0,0,1574,0,0,0,0,0,97085,75454,15489,6141,0,9177,7383,495,1298,2808,1,4317,934,0,28,9,9779,4773,4818,188,7761,7050,0,0,191,0,0,0,86,13,6,0,14,3,False,False,False,False,False,False,0,0,0,0,0,0,0,0,0,0,0,0,0,0,8112,181,0,0,8139,535,0,0,8138,4,0,0,8135,445,2,0,8352,270,1244,862,8316,2897,0,0,8100,8300,5005,5008,5003,3,8.600000000000001,7.6,,,492.20000000000005,435.7,,,302.20000000000005,250.70000000000002,,,300.6,111.6,,,DUO,BOTTOM,1684071,ESPORTSTMNT02,1612312778151,1626,0,11,13,11.2.353.8505,CLASSIC,CUSTOM_GAME,6,14,14,0,0,0,0,0,152005,256171,22400,368,38555,18484,16927,3141,25978,16,53017,13205,6001,164,50,76776,27139,46585,3048,39171,1,0,573,156,121,20,569,32,0,64,32,24.2,24.200000000000003,0.0,0.0,1967.2,1734.3999999999999,0.0,0.0,1540.0,1202.9,0.0,0.0,2635.9,1464.7999999999997,0.0,0.0
4,100,145,4,7,GOAT,Feeling,ADC,4,False,1055,6676,6671,3086,1042,3006,3363,4,1,0,4,1,1,1589,0,0,0,0,0,130085,11370,117649,1066,368,11698,2912,8109,676,4231,4,5940,5900,4349,29,3,11330,3268,6906,1154,10406,9575,0,0,212,20,9,8,34,13,3,0,11,6,False,False,False,False,False,False,0,0,0,0,0,0,0,0,0,0,0,0,0,0,9923,54,85,0,8139,568,0,0,8138,4,0,0,8135,1178,2,0,8009,961,0,0,9103,0,0,0,8100,8000,5005,5008,5002,4,8.8,8.8,,,399.1,325.1,,,395.3,296.1,,,439.4,188.60000000000002,,,DUO,BOTTOM,1684071,ESPORTSTMNT02,1612312778151,1626,0,11,13,11.2.353.8505,CLASSIC,CUSTOM_GAME,6,14,14,0,0,0,0,0,152005,256171,22400,368,38555,18484,16927,3141,25978,16,53017,13205,6001,164,50,76776,27139,46585,3048,39171,1,0,573,156,121,20,569,32,0,64,32,24.2,24.200000000000003,0.0,0.0,1967.2,1734.3999999999999,0.0,0.0,1540.0,1202.9,0.0,0.0,2635.9,1464.7999999999997,0.0,0.0
5,100,89,4,14,GOAT,Melocot√≥n,SUP,5,False,3860,3190,2055,1029,3067,3009,3364,0,5,6,0,0,0,605,0,0,0,0,0,22081,7751,5808,8521,0,3531,2412,683,435,449,5,15051,1652,1652,49,16,13683,5346,7875,461,6040,5940,1,0,33,0,0,0,33,10,12,0,24,10,False,False,False,False,False,False,0,0,0,0,0,0,0,0,0,0,0,0,0,0,8439,315,0,0,8463,535,0,0,8473,384,0,0,8242,50,0,0,8316,731,0,0,8313,0,0,0,8400,8300,5008,5008,5002,5,1.2,1.6,,,244.8,255.7,,,241.2,177.10000000000002,,,487.3,238.10000000000002,,,DUO,BOTTOM,1684071,ESPORTSTMNT02,1612312778151,1626,0,11,13,11.2.353.8505,CLASSIC,CUSTOM_GAME,6,14,14,0,0,0,0,0,152005,256171,22400,368,38555,18484,16927,3141,25978,16,53017,13205,6001,164,50,76776,27139,46585,3048,39171,1,0,573,156,121,20,569,32,0,64,32,24.2,24.200000000000003,0.0,0.0,1967.2,1734.3999999999999,0.0,0.0,1540.0,1202.9,0.0,0.0,2635.9,1464.7999999999997,0.0,0.0
6,200,875,12,4,PG,Waltz,TOP,6,True,6631,1083,1057,1054,3111,3066,3340,3,4,5,3,1,1,970,0,0,0,0,0,84470,0,78841,5628,0,6384,0,5011,1373,4137,1,17541,4902,2551,33,20,19415,4805,13615,993,9493,7350,1,0,138,12,8,0,140,13,4,0,11,4,True,False,False,False,False,False,0,0,0,0,0,0,0,0,0,0,0,0,0,0,8021,1708,0,0,9111,484,160,0,9105,22,10,0,8299,185,0,0,8444,645,0,0,8453,406,580,0,8000,8400,5005,5008,5003,6,4.5,6.300000000000001,,,347.1,393.29999999999995,,,325.7,271.5,,,697.1,247.1,,,NONE,JUNGLE,1684071,ESPORTSTMNT02,1612312778151,1626,0,11,13,11.2.353.8505,CLASSIC,CUSTOM_GAME,14,7,39,2,1,0,0,0,218089,290902,34613,375,50820,23436,24331,3049,26195,6,73522,86448,23704,200,107,69679,21540,44992,3140,50621,10,1,612,188,95,26,880,30,0,80,33,26.0,25.400000000000002,0.0,0.0,1899.8,1848.2999999999997,0.0,0.0,1714.2,1424.0,0.0,0.0,2459.3,1417.5,0.0,0.0
7,200,77,4,11,PG,Italin,JG,7,True,6664,3742,3111,1082,3066,1033,3364,2,1,9,2,1,1,1194,0,0,0,0,0,151909,86911,51329,13669,0,7034,4250,2335,448,15221,1,25986,40586,3903,29,20,26701,7249,18467,983,10059,9050,3,0,18,152,74,20,178,14,2,0,3,8,False,False,False,False,False,True,0,0,0,0,0,0,0,0,0,0,0,0,0,0,8230,8,0,0,8275,19,0,0,8234,11668,0,0,8232,5,50,0,9111,1481,220,0,9105,15,30,0,8200,8000,5005,5008,5002,7,1.0,0.2,,,401.0,421.29999999999995,,,341.3,303.4,,,1003.7,869.5,,,NONE,JUNGLE,1684071,ESPORTSTMNT02,1612312778151,1626,0,11,13,11.2.353.8505,CLASSIC,CUSTOM_GAME,14,7,39,2,1,0,0,0,218089,290902,34613,375,50820,23436,24331,3049,26195,6,73522,86448,23704,200,107,69679,21540,44992,3140,50621,10,1,612,188,95,26,880,30,0,80,33,26.0,25.400000000000002,0.0,0.0,1899.8,1848.2999999999997,0.0,0.0,1714.2,1424.0,0.0,0.0,2459.3,1417.5,0.0,0.0
8,200,61,4,12,PG,Kutarra,MID,8,True,6655,2033,0,3020,3070,3102,3363,3,1,9,3,1,1,1611,0,0,0,0,0,131691,115547,14633,1510,0,12804,12397,406,0,2536,1,5725,9552,2841,31,19,8272,3192,4778,301,11249,8575,1,1,218,12,5,6,274,15,9,0,17,5,False,False,False,True,True,False,0,0,0,0,0,0,0,0,0,0,0,0,0,0,8230,8,0,0,8226,250,461,0,8210,14,0,0,8237,258,0,0,8345,3,0,0,8352,309,820,995,8200,8300,5005,5008,5003,8,10.600000000000001,8.8,,,528.0,454.8,,,401.0,306.8,,,342.7,63.900000000000006,,,NONE,JUNGLE,1684071,ESPORTSTMNT02,1612312778151,1626,0,11,13,11.2.353.8505,CLASSIC,CUSTOM_GAME,14,7,39,2,1,0,0,0,218089,290902,34613,375,50820,23436,24331,3049,26195,6,73522,86448,23704,200,107,69679,21540,44992,3140,50621,10,1,612,188,95,26,880,30,0,80,33,26.0,25.400000000000002,0.0,0.0,1899.8,1848.2999999999997,0.0,0.0,1714.2,1424.0,0.0,0.0,2459.3,1417.5,0.0,0.0
9,200,523,1,4,PG,Kitin,ADC,9,True,6671,3140,1018,3006,3085,1055,3363,5,1,6,5,3,1,1205,2,1,0,0,0,148485,3738,140199,4548,375,18210,1969,15906,334,1893,1,9529,25604,13107,43,22,7403,2656,4103,642,12096,9800,4,0,204,12,8,0,230,13,6,0,15,9,False,False,False,True,False,True,0,0,0,0,0,0,0,0,0,0,0,0,0,0,8010,455,0,0,9101,2162,3075,0,9103,22,10,0,8017,1085,0,0,8304,11,1,5,8345,3,0,0,8000,8300,5005,5008,5003,9,8.7,8.5,,,368.9,283.79999999999995,,,389.9,328.2,,,221.0,73.4,,,DUO,BOTTOM,1684071,ESPORTSTMNT02,1612312778151,1626,0,11,13,11.2.353.8505,CLASSIC,CUSTOM_GAME,14,7,39,2,1,0,0,0,218089,290902,34613,375,50820,23436,24331,3049,26195,6,73522,86448,23704,200,107,69679,21540,44992,3140,50621,10,1,612,188,95,26,880,30,0,80,33,26.0,25.400000000000002,0.0,0.0,1899.8,1848.2999999999997,0.0,0.0,1714.2,1424.0,0.0,0.0,2459.3,1417.5,0.0,0.0
10,200,526,4,14,PG,FleekZ,SUP,10,True,0,3860,3742,3111,3067,1029,3364,1,0,10,0,1,0,0,0,0,0,0,0,27052,11893,5900,9258,0,6388,4820,673,894,2408,2,14741,5804,1302,64,26,7888,3638,4029,221,7724,6275,1,0,34,0,0,0,58,12,9,0,34,7,False,False,True,False,False,True,0,0,0,0,0,0,0,0,0,0,0,0,0,0,8439,451,0,0,8401,227,0,0,8473,323,0,0,8242,0,0,0,8347,0,0,0,8316,687,0,0,8400,8300,5007,5002,5002,10,1.2,1.6,,,254.8,295.1,,,256.3,214.1,,,194.8,163.6,,,DUO,BOTTOM,1684071,ESPORTSTMNT02,1612312778151,1626,0,11,13,11.2.353.8505,CLASSIC,CUSTOM_GAME,14,7,39,2,1,0,0,0,218089,290902,34613,375,50820,23436,24331,3049,26195,6,73522,86448,23704,200,107,69679,21540,44992,3140,50621,10,1,612,188,95,26,880,30,0,80,33,26.0,25.400000000000002,0.0,0.0,1899.8,1848.2999999999997,0.0,0.0,1714.2,1424.0,0.0,0.0,2459.3,1417.5,0.0,0.0
1,100,79,4,12,TH,Doppel,TOP,1,False,2055,3076,3143,3068,3070,3158,3340,0,5,2,0,0,0,835,0,0,0,0,0,123103,100500,22602,0,10,9742,8715,1026,0,8053,1,33336,2767,873,33,22,20623,3239,15564,1820,9065,8950,0,0,207,4,1,0,390,15,8,0,17,7,False,False,False,False,False,False,0,0,0,0,0,0,0,0,0,0,0,0,0,0,8437,450,432,0,8446,561,0,0,8473,333,0,0,8451,212,0,0,8304,12,0,0,8345,3,0,0,8400,8300,5005,5008,5002,1,7.4,7.5,,5.7,413.2,471.3,,414.79999999999995,282.2,247.5,,277.0,442.6,267.9,,832.4,DUO,MIDDLE,1684101,ESPORTSTMNT02,1612316283858,1971,0,11,13,11.2.353.8505,CLASSIC,CUSTOM_GAME,2,21,6,0,0,0,0,0,269488,300139,42388,466,47165,29436,14076,3651,25431,7,92489,25345,5896,219,72,83847,19174,61071,3598,46717,2,0,797,156,116,4,1210,47,0,106,52,30.1,24.199999999999996,0.0,20.9,2042.7,1759.7,0.0,1699.9,1619.2000000000003,1129.2,0.0,1334.1,2144.5,1394.3999999999999,0.0,3316.6
2,100,2,11,4,TH,Capecito,JG,2,False,3053,6630,2055,1029,3047,0,3364,0,4,2,0,0,0,700,0,0,0,0,0,164520,8836,128416,27267,0,8022,0,4901,3121,13499,1,24521,13668,525,34,5,28212,6761,21065,385,9037,8750,0,0,43,136,103,4,484,13,10,0,11,10,False,False,False,False,False,False,0,0,0,0,0,0,0,0,0,0,0,0,0,0,8010,146,0,0,9111,82,40,0,9105,20,0,0,8299,176,0,0,8304,12,0,0,8410,43,0,0,8000,8300,5005,5008,5002,2,1.1,0.1,,2.2,359.9,302.0,,333.2,300.70000000000005,238.4,,250.3,875.3,685.0,,863.7,DUO,MIDDLE,1684101,ESPORTSTMNT02,1612316283858,1971,0,11,13,11.2.353.8505,CLASSIC,CUSTOM_GAME,2,21,6,0,0,0,0,0,269488,300139,42388,466,47165,29436,14076,3651,25431,7,92489,25345,5896,219,72,83847,19174,61071,3598,46717,2,0,797,156,116,4,1210,47,0,106,52,30.1,24.199999999999996,0.0,20.9,2042.7,1759.7,0.0,1699.9,1619.2000000000003,1129.2,0.0,1334.1,2144.5,1394.3999999999999,0.0,3316.6
3,100,112,12,4,TH,LocoDan,MID,3,False,6655,3040,3916,0,1056,3020,3363,0,5,0,0,0,0,1041,0,0,0,0,0,143118,126962,13072,3084,0,15260,15039,221,0,7,1,10735,2134,0,27,15,12173,2302,9441,429,9788,9250,0,0,234,12,12,0,76,15,6,0,15,7,False,False,False,False,False,False,0,0,0,0,0,0,0,0,0,0,0,0,0,0,8230,6,0,0,8226,250,983,0,8210,0,0,0,8237,639,0,0,8345,3,0,0,8347,0,0,0,8200,8300,5008,5008,5002,3,9.2,7.5,,5.1,523.0,459.1,,309.70000000000005,346.20000000000005,244.3,,251.3,344.0,129.7,,543.5,DUO,BOTTOM,1684101,ESPORTSTMNT02,1612316283858,1971,0,11,13,11.2.353.8505,CLASSIC,CUSTOM_GAME,2,21,6,0,0,0,0,0,269488,300139,42388,466,47165,29436,14076,3651,25431,7,92489,25345,5896,219,72,83847,19174,61071,3598,46717,2,0,797,156,116,4,1210,47,0,106,52,30.1,24.199999999999996,0.0,20.9,2042.7,1759.7,0.0,1699.9,1619.2000000000003,1129.2,0.0,1334.1,2144.5,1394.3999999999999,0.0,3316.6
4,100,360,4,7,TH,Dps,ADC,4,False,6676,6673,3123,3006,1018,1038,3363,1,4,1,0,1,0,651,0,0,0,0,0,148340,13507,128397,6435,456,7961,839,7122,0,3544,3,10002,5267,3794,34,2,14053,3515,9914,623,12013,11125,2,0,269,0,0,0,5,14,5,0,14,12,False,False,True,False,False,False,0,0,0,0,0,0,0,0,0,0,0,0,0,0,8010,192,0,0,9111,87,40,0,9103,0,0,0,8299,414,0,0,8139,393,0,0,8135,752,2,0,8000,8100,5005,5008,5002,4,10.8,7.699999999999999,,6.699999999999999,418.4,268.3,,344.5,458.1,249.60000000000002,,351.6,330.2,167.5,,622.4,DUO,BOTTOM,1684101,ESPORTSTMNT02,1612316283858,1971,0,11,13,11.2.353.8505,CLASSIC,CUSTOM_GAME,2,21,6,0,0,0,0,0,269488,300139,42388,466,47165,29436,14076,3651,25431,7,92489,25345,5896,219,72,83847,19174,61071,3598,46717,2,0,797,156,116,4,1210,47,0,106,52,30.1,24.199999999999996,0.0,20.9,2042.7,1759.7,0.0,1699.9,1619.2000000000003,1129.2,0.0,1334.1,2144.5,1394.3999999999999,0.0,3316.6
5,100,111,14,4,TH,GodTeddy,SUP,5,False,3190,3860,2420,3067,0,3158,3364,1,3,1,0,1,0,663,0,0,0,0,0,32937,19683,7652,5602,0,6180,4843,806,530,328,1,13895,1509,704,91,28,8786,3357,5087,341,6814,6850,0,0,44,4,0,0,255,13,18,0,49,16,False,False,False,False,False,False,0,0,0,0,0,0,0,0,0,0,0,0,0,0,8439,356,0,0,8401,165,0,0,8473,688,0,0,8242,23,0,0,8347,0,0,0,8306,0,0,0,8400,8300,5005,5008,5003,5,1.6,1.4,,1.2000000000000002,328.20000000000005,259.0,,297.7,232.0,149.4,,203.89999999999998,152.4,144.3,,454.6,DUO,BOTTOM,1684101,ESPORTSTMNT02,1612316283858,1971,0,11,13,11.2.353.8505,CLASSIC,CUSTOM_GAME,2,21,6,0,0,0,0,0,269488,300139,42388,466,47165,29436,14076,3651,25431,7,92489,25345,5896,219,72,83847,19174,61071,3598,46717,2,0,797,156,116,4,1210,47,0,106,52,30.1,24.199999999999996,0.0,20.9,2042.7,1759.7,0.0,1699.9,1619.2000000000003,1129.2,0.0,1334.1,2144.5,1394.3999999999999,0.0,3316.6
6,200,58,12,4,DEL,BetaTwins,TOP,6,True,6630,3026,2055,1057,3053,3111,3363,4,0,14,4,1,1,0,0,0,0,0,0,219859,5446,213416,997,0,13024,2002,11022,0,10229,1,22619,17170,4617,40,14,28661,10375,16606,1679,14844,12875,2,1,240,44,16,1,37,18,7,0,16,6,True,False,False,False,False,False,0,0,0,0,0,0,0,0,0,0,0,0,0,0,8010,360,0,0,9111,853,360,0,9105,14,30,0,8299,69,0,0,8242,0,0,0,8444,805,0,0,8000,8400,5008,5008,5001,6,7.4,7.7,,6.5,532.2,457.2,,668.3,366.1,328.6,,551.6,761.1,334.4,,1289.1,NONE,JUNGLE,1684101,ESPORTSTMNT02,1612316283858,1971,0,11,13,11.2.353.8505,CLASSIC,CUSTOM_GAME,21,2,63,4,0,0,0,0,202233,591536,51317,827,56983,17073,36308,3599,42196,13,81258,96175,14539,273,77,87176,34452,49070,3650,65633,9,3,791,275,146,50,922,40,0,118,50,26.2,22.900000000000002,0.0,21.400000000000002,2233.2000000000003,1775.0,0.0,3207.9000000000005,1728.1000000000001,1359.9,0.0,2347.4000000000005,2590.7,1436.1000000000001,0.0,3527.2
7,200,59,11,4,DEL,Dark,JG,7,True,3071,6630,0,3047,3053,3076,3364,5,0,16,5,2,1,0,1,0,0,0,0,191862,20423,157496,13943,0,12465,545,11164,756,14386,1,25288,33634,926,69,15,26515,7535,18198,782,13885,12775,2,0,36,164,96,34,429,17,9,0,32,15,False,False,False,False,False,False,0,0,0,0,0,0,0,0,0,0,0,0,0,0,8010,285,0,0,9111,1556,420,0,9105,12,40,0,8014,207,0,0,8143,342,0,0,8136,22,30,0,8000,8100,5005,5008,5002,7,1.5,0.2,,1.4,432.3,373.5,,662.4000000000001,337.9,340.5,,534.3,849.4,593.8,,934.5999999999999,NONE,JUNGLE,1684101,ESPORTSTMNT02,1612316283858,1971,0,11,13,11.2.353.8505,CLASSIC,CUSTOM_GAME,21,2,63,4,0,0,0,0,202233,591536,51317,827,56983,17073,36308,3599,42196,13,81258,96175,14539,273,77,87176,34452,49070,3650,65633,9,3,791,275,146,50,922,40,0,118,50,26.2,22.900000000000002,0.0,21.400000000000002,2233.2000000000003,1775.0,0.0,3207.9000000000005,1728.1000000000001,1359.9,0.0,2347.4000000000005,2590.7,1436.1000000000001,0.0,3527.2
8,200,18,12,4,DEL,Sully,MID,8,True,3031,3086,6672,3006,3095,1042,3363,6,0,5,6,2,1,1966,2,0,0,0,0,269916,43453,199931,26530,827,17120,1923,12559,2637,1428,1,9531,30855,6658,36,7,9918,4900,4690,327,15587,12750,3,1,250,63,30,15,161,18,4,0,7,8,False,False,False,False,False,False,0,0,0,0,0,0,0,0,0,0,0,0,0,0,8005,1154,566,587,9101,3328,4757,0,9103,23,0,0,8017,697,0,0,8224,31,0,0,8236,28,0,0,8000,8200,5005,5008,5001,8,8.1,7.5,,6.0,537.2,439.29999999999995,,754.1,419.9,241.1,,544.2,292.7,188.8,,453.4,NONE,JUNGLE,1684101,ESPORTSTMNT02,1612316283858,1971,0,11,13,11.2.353.8505,CLASSIC,CUSTOM_GAME,21,2,63,4,0,0,0,0,202233,591536,51317,827,56983,17073,36308,3599,42196,13,81258,96175,14539,273,77,87176,34452,49070,3650,65633,9,3,791,275,146,50,922,40,0,118,50,26.2,22.900000000000002,0.0,21.400000000000002,2233.2000000000003,1775.0,0.0,3207.9000000000005,1728.1000000000001,1359.9,0.0,2347.4000000000005,2590.7,1436.1000000000001,0.0,3527.2
9,200,147,4,7,DEL,Sun Tiger,ADC,9,True,3158,2421,3070,6617,3011,6616,3363,4,1,13,3,2,1,1645,1,0,0,0,0,138073,121465,13837,2770,0,9195,8363,625,206,6625,5,4480,12115,1886,44,15,8954,6336,2473,144,12590,10050,2,1,225,4,4,0,245,15,2,0,12,9,False,False,False,False,False,False,0,0,0,0,0,0,0,0,0,0,0,0,0,0,8214,564,333,0,8226,250,107,0,8210,8,0,0,8237,240,0,0,8347,0,0,0,8304,9,4,5,8200,8300,5008,5008,5002,9,7.5,6.2,,6.9,385.7,276.7,,606.4,372.4,259.8,,432.0,157.5,124.9,,391.79999999999995,SOLO,BOTTOM,1684101,ESPORTSTMNT02,1612316283858,1971,0,11,13,11.2.353.8505,CLASSIC,CUSTOM_GAME,21,2,63,4,0,0,0,0,202233,591536,51317,827,56983,17073,36308,3599,42196,13,81258,96175,14539,273,77,87176,34452,49070,3650,65633,9,3,791,275,146,50,922,40,0,118,50,26.2,22.900000000000002,0.0,21.400000000000002,2233.2000000000003,1775.0,0.0,3207.9000000000005,1728.1000000000001,1359.9,0.0,2347.4000000000005,2590.7,1436.1000000000001,0.0,3527.2
10,200,12,4,3,DEL,Gato Mojado,SUP,10,True,3860,2055,3190,3067,3024,3117,3364,2,1,15,0,1,0,1202,0,0,0,0,0,25380,11446,6856,7077,0,5179,4240,938,0,9528,5,19340,2401,452,84,26,13128,5306,7103,718,8727,7550,0,0,40,0,0,0,50,14,18,0,51,12,False,False,False,False,False,False,0,0,0,0,0,0,0,0,0,0,0,0,0,0,8439,507,0,0,8463,993,0,0,8473,142,0,0,8242,29,0,0,8313,0,0,0,8316,556,0,0,8400,8300,5007,5003,5002,10,1.7,1.3,,0.6000000000000001,345.8,228.29999999999998,,516.7,231.8,189.9,,285.3,530.0,194.2,,458.29999999999995,NONE,JUNGLE,1684101,ESPORTSTMNT02,1612316283858,1971,0,11,13,11.2.353.8505,CLASSIC,CUSTOM_GAME,21,2,63,4,0,0,0,0,202233,591536,51317,827,56983,17073,36308,3599,42196,13,81258,96175,14539,273,77,87176,34452,49070,3650,65633,9,3,791,275,146,50,922,40,0,118,50,26.2,22.900000000000002,0.0,21.400000000000002,2233.2000000000003,1775.0,0.0,3207.9000000000005,1728.1000000000001,1359.9,0.0,2347.4000000000005,2590.7,1436.1000000000001,0.0,3527.2
1,100,58,4,12,VL,Vexzuss,TOP,1,False,3047,6630,2055,3153,1037,0,3340,3,5,0,0,1,0,465,0,0,0,0,0,119752,4239,114841,672,0,13376,1451,11826,98,7553,1,17985,4218,1615,23,14,26573,5098,17172,4302,10020,9575,1,0,198,10,7,0,87,14,8,0,9,6,True,False,False,False,False,False,0,0,0,0,0,0,0,0,0,0,0,0,0,0,8010,439,0,0,9111,383,60,0,9105,21,30,0,8299,711,0,0,8453,997,0,0,8473,766,0,0,8000,8400,5005,5008,5002,1,6.6,8.5,,,420.3,464.2,,,310.5,300.1,,,913.1,426.9,,,DUO,MIDDLE,1684123,ESPORTSTMNT02,1612319767819,1631,0,11,13,11.2.353.8505,CLASSIC,CUSTOM_GAME,4,20,5,0,0,0,0,0,123933,296108,35512,369,34289,12440,20601,1245,17939,10,48938,18204,2517,168,55,78229,24413,45789,8021,39417,2,0,644,121,94,0,631,41,0,77,30,24.900000000000002,23.7,0.0,0.0,1718.2999999999997,1638.1,0.0,0.0,1480.6,1138.4,0.0,0.0,2613.0,1446.1999999999998,0.0,0.0
2,100,80,4,11,VL,xu,JG,2,False,3044,6630,0,0,3047,0,3364,0,5,1,0,0,0,898,0,0,0,0,0,96539,6133,79517,10889,0,3707,0,3322,385,7171,1,14090,10408,0,29,7,24430,8752,14579,1097,6809,6750,0,0,18,99,79,0,129,11,10,0,12,8,False,False,False,False,False,False,0,0,0,0,0,0,0,0,0,0,0,0,0,0,8010,52,0,0,9111,0,20,0,9105,0,0,0,8014,43,0,0,8126,111,0,0,8105,3,1,0,8000,8100,5005,5008,5002,2,0.8,0.2,,,249.5,277.2,,,263.7,206.3,,,799.9,472.9,,,DUO,MIDDLE,1684123,ESPORTSTMNT02,1612319767819,1631,0,11,13,11.2.353.8505,CLASSIC,CUSTOM_GAME,4,20,5,0,0,0,0,0,123933,296108,35512,369,34289,12440,20601,1245,17939,10,48938,18204,2517,168,55,78229,24413,45789,8021,39417,2,0,644,121,94,0,631,41,0,77,30,24.900000000000002,23.7,0.0,0.0,1718.2999999999997,1638.1,0.0,0.0,1480.6,1138.4,0.0,0.0,2613.0,1446.1999999999998,0.0,0.0
3,100,134,12,4,VL,Eluviet,MID,3,False,1058,1052,3020,1082,3070,6655,3363,0,3,1,0,0,0,917,0,0,0,0,0,115288,99217,11815,4256,0,6355,5795,560,0,577,1,3687,510,33,22,16,8015,2988,4470,556,8309,7810,0,0,198,8,8,0,312,13,5,0,12,2,False,False,False,False,False,False,0,0,0,0,0,0,0,0,0,0,0,0,0,0,8230,4,0,0,8226,250,694,0,8210,0,0,0,8237,264,0,0,8345,3,0,0,8352,200,576,694,8200,8300,5005,5008,5003,3,7.9,7.1000000000000005,,,420.79999999999995,421.5,,,319.4,239.5,,,289.9,134.6,,,DUO,BOTTOM,1684123,ESPORTSTMNT02,1612319767819,1631,0,11,13,11.2.353.8505,CLASSIC,CUSTOM_GAME,4,20,5,0,0,0,0,0,123933,296108,35512,369,34289,12440,20601,1245,17939,10,48938,18204,2517,168,55,78229,24413,45789,8021,39417,2,0,644,121,94,0,631,41,0,77,30,24.900000000000002,23.7,0.0,0.0,1718.2999999999997,1638.1,0.0,0.0,1480.6,1138.4,0.0,0.0,2613.0,1446.1999999999998,0.0,0.0
4,100,145,7,4,VL,Godles,ADC,4,False,6672,6676,2031,1055,0,3006,3363,1,3,1,0,1,0,660,0,0,0,0,0,103522,7810,83722,11989,369,6783,2043,4395,344,2323,3,4431,2527,869,25,1,9967,4214,4750,1002,8749,8585,1,0,195,0,0,0,8,12,5,0,11,3,False,False,False,False,False,False,0,0,0,0,0,0,0,0,0,0,0,0,0,0,9923,26,78,0,8139,444,0,0,8138,2,0,0,8135,397,2,0,8009,367,0,0,9103,0,0,0,8100,8000,5005,5008,5002,4,7.9,6.7,,,382.3,295.8,,,370.4,240.8,,,295.5,249.1,,,DUO,BOTTOM,1684123,ESPORTSTMNT02,1612319767819,1631,0,11,13,11.2.353.8505,CLASSIC,CUSTOM_GAME,4,20,5,0,0,0,0,0,123933,296108,35512,369,34289,12440,20601,1245,17939,10,48938,18204,2517,168,55,78229,24413,45789,8021,39417,2,0,644,121,94,0,631,41,0,77,30,24.900000000000002,23.7,0.0,0.0,1718.2999999999997,1638.1,0.0,0.0,1480.6,1138.4,0.0,0.0,2613.0,1446.1999999999998,0.0,0.0
5,100,201,4,14,VL,iMinions,SUP,5,False,3190,2055,3857,0,0,3047,3364,0,4,2,0,0,0,461,0,0,0,0,0,20454,6534,6213,7706,0,4068,3151,498,418,315,4,8745,541,0,69,17,9244,3361,4818,1064,5530,5125,0,0,35,4,0,0,95,10,13,0,33,11,False,False,False,False,False,False,0,0,0,0,0,0,0,0,0,0,0,0,0,0,8465,1120,0,0,8463,126,0,0,8473,431,0,0,8242,35,0,0,8316,380,0,0,8352,39,225,0,8400,8300,5005,5002,5002,5,1.7000000000000002,1.2000000000000002,,,245.39999999999998,179.39999999999998,,,216.60000000000002,151.7,,,314.6,162.7,,,DUO,BOTTOM,1684123,ESPORTSTMNT02,1612319767819,1631,0,11,13,11.2.353.8505,CLASSIC,CUSTOM_GAME,4,20,5,0,0,0,0,0,123933,296108,35512,369,34289,12440,20601,1245,17939,10,48938,18204,2517,168,55,78229,24413,45789,8021,39417,2,0,644,121,94,0,631,41,0,77,30,24.900000000000002,23.7,0.0,0.0,1718.2999999999997,1638.1,0.0,0.0,1480.6,1138.4,0.0,0.0,2613.0,1446.1999999999998,0.0,0.0
6,200,164,12,14,JV,Alpha,TOP,6,True,2055,3078,3074,3111,3123,1036,3340,6,2,4,4,2,2,871,1,0,0,0,0,133610,767,108338,24504,0,14718,767,8421,5529,4767,1,17884,16366,5925,25,11,18619,2112,16130,377,11159,9383,3,0,186,8,1,0,180,15,5,0,10,1,False,False,False,False,False,True,0,0,0,0,0,0,0,0,0,0,0,0,0,0,8437,624,442,0,8401,460,0,0,8473,526,0,0,8451,181,0,0,8304,9,4,5,8345,3,0,0,8400,8300,5005,5008,5002,6,6.5,6.800000000000001,,,443.9,429.7,,,349.6,314.9,,,616.3,332.1,,,NONE,JUNGLE,1684123,ESPORTSTMNT02,1612319767819,1631,0,11,13,11.2.353.8505,CLASSIC,CUSTOM_GAME,20,5,52,3,0,0,0,0,161358,391622,51500,231,57413,22023,27364,8022,40409,13,53948,72081,16901,180,97,74070,15942,54882,3245,52524,8,1,671,197,128,16,883,31,0,78,26,27.499999999999996,23.4,0.0,0.0,2189.0,1741.7,0.0,0.0,1790.0,1297.1,0.0,0.0,2284.8999999999996,1777.7000000000003,0.0,0.0
7,200,120,6,11,JV,Osito Felpuwu,JG,7,True,2055,3047,3078,1037,3044,0,3364,3,2,10,2,1,1,594,0,0,0,0,0,165907,17771,140715,7419,0,9073,1834,7003,235,18086,1,17947,27550,1614,25,18,29520,6293,22771,456,9678,7583,0,1,20,152,108,4,158,14,9,0,9,5,False,False,False,False,True,False,0,0,0,0,0,0,0,0,0,0,0,0,0,0,8230,8,0,0,8275,16,0,0,8234,9484,0,0,8232,5,10,0,8143,324,0,0,8135,3850,4,0,8200,8100,5005,5008,5002,7,0.7,0.4,,,417.9,326.0,,,335.4,251.70000000000002,,,1011.5999999999999,850.3,,,NONE,JUNGLE,1684123,ESPORTSTMNT02,1612319767819,1631,0,11,13,11.2.353.8505,CLASSIC,CUSTOM_GAME,20,5,52,3,0,0,0,0,161358,391622,51500,231,57413,22023,27364,8022,40409,13,53948,72081,16901,180,97,74070,15942,54882,3245,52524,8,1,671,197,128,16,883,31,0,78,26,27.499999999999996,23.4,0.0,0.0,2189.0,1741.7,0.0,0.0,1790.0,1297.1,0.0,0.0,2284.8999999999996,1777.7000000000003,0.0,0.0
8,200,61,12,4,JV,Akunma,MID,8,True,2033,2421,6655,1058,3040,3111,3363,5,0,10,5,2,1,0,1,0,0,0,0,153509,135909,17054,546,0,16033,14860,1172,0,1366,1,5720,9757,2546,26,18,7345,3348,3997,0,11758,10275,2,0,229,22,8,10,288,16,5,0,12,6,False,False,False,False,False,True,0,0,0,0,0,0,0,0,0,0,0,0,0,0,8230,13,0,0,8226,250,1236,0,8210,16,0,0,8236,24,0,0,8352,252,743,855,8345,3,0,0,8200,8300,5005,5008,5003,8,9.7,8.0,,,576.4,470.7,,,457.79999999999995,270.2,,,153.3,133.4,,,NONE,JUNGLE,1684123,ESPORTSTMNT02,1612319767819,1631,0,11,13,11.2.353.8505,CLASSIC,CUSTOM_GAME,20,5,52,3,0,0,0,0,161358,391622,51500,231,57413,22023,27364,8022,40409,13,53948,72081,16901,180,97,74070,15942,54882,3245,52524,8,1,671,197,128,16,883,31,0,78,26,27.499999999999996,23.4,0.0,0.0,2189.0,1741.7,0.0,0.0,1790.0,1297.1,0.0,0.0,2284.8999999999996,1777.7000000000003,0.0,0.0
9,200,235,1,4,JV,1an,ADC,9,True,3006,2421,2055,6672,3124,3094,3363,5,0,14,5,2,1,0,1,0,0,0,0,130843,1259,118565,11018,231,12258,207,10258,1792,7493,5,3412,14780,6292,35,24,6848,1122,5706,20,12677,11075,3,0,203,15,11,2,214,14,5,0,12,5,False,False,False,False,False,True,0,0,0,0,0,0,0,0,0,0,0,0,0,0,8351,33,0,0,8304,9,4,5,8345,3,0,0,8410,61,0,0,8009,2720,0,0,8017,645,0,0,8300,8000,5005,5008,5002,9,9.2,6.800000000000001,,,472.8,293.6,,,410.1,289.0,,,221.5,178.2,,,DUO,BOTTOM,1684123,ESPORTSTMNT02,1612319767819,1631,0,11,13,11.2.353.8505,CLASSIC,CUSTOM_GAME,20,5,52,3,0,0,0,0,161358,391622,51500,231,57413,22023,27364,8022,40409,13,53948,72081,16901,180,97,74070,15942,54882,3245,52524,8,1,671,197,128,16,883,31,0,78,26,27.499999999999996,23.4,0.0,0.0,2189.0,1741.7,0.0,0.0,1790.0,1297.1,0.0,0.0,2284.8999999999996,1777.7000000000003,0.0,0.0
10,200,12,14,4,JV,Kaldalis,SUP,10,True,2065,3857,0,3067,3047,3801,3364,1,1,14,0,1,0,1605,0,0,0,0,0,20616,5652,6950,8013,0,5331,4355,510,466,8697,5,8985,3628,524,69,26,11738,3067,6278,2392,7252,6075,0,0,33,0,0,0,43,12,7,0,35,9,False,False,False,False,False,True,0,0,0,0,0,0,0,0,0,0,0,0,0,0,8439,359,0,0,8463,862,0,0,8473,122,0,0,8242,12,0,0,8347,0,0,0,8306,1,0,0,8400,8300,5008,5002,5002,10,1.4,1.4,,,278.0,221.7,,,237.1,171.3,,,282.2,283.7,,,DUO,BOTTOM,1684123,ESPORTSTMNT02,1612319767819,1631,0,11,13,11.2.353.8505,CLASSIC,CUSTOM_GAME,20,5,52,3,0,0,0,0,161358,391622,51500,231,57413,22023,27364,8022,40409,13,53948,72081,16901,180,97,74070,15942,54882,3245,52524,8,1,671,197,128,16,883,31,0,78,26,27.499999999999996,23.4,0.0,0.0,2189.0,1741.7,0.0,0.0,1790.0,1297.1,0.0,0.0,2284.8999999999996,1777.7000000000003,0.0,0.0
1,100,54,4,12,FGO,Guachi,TOP,1,False,2033,6662,3001,3047,3067,0,3340,0,2,0,0,0,0,1088,0,0,0,0,0,113051,55276,48385,9390,0,9448,8168,1280,0,2356,1,26056,6303,155,24,24,13557,2278,7877,3401,8131,7675,0,0,185,11,6,0,1198,14,1,0,9,7,False,False,False,False,False,False,0,0,0,0,0,0,0,0,0,0,0,0,0,0,8229,808,0,0,8226,250,1056,0,8210,0,0,0,8237,450,0,0,8304,12,0,0,8345,3,0,0,8200,8300,5007,5008,5002,1,7.1,6.6,,,493.7,431.3,,,282.7,236.79999999999998,,,400.2,140.9,,,DUO,MIDDLE,1695022,ESPORTSTMNT02,1612481084739,1779,0,11,13,11.2.353.8505,CLASSIC,CUSTOM_GAME,2,10,4,0,0,0,0,0,249282,266620,27557,281,33940,23513,10195,230,21592,16,59377,28528,3861,161,64,74684,30917,37724,6039,42174,0,0,735,150,108,13,2756,20,0,67,35,26.900000000000002,23.700000000000003,0.0,0.0,1955.3,1769.7000000000003,0.0,0.0,1425.5,1217.7,0.0,0.0,2678.0,1523.3000000000002,0.0,0.0
2,100,203,11,4,FGO,Artomox,JG,2,False,6671,2031,2055,3094,0,3111,3364,1,4,1,0,1,0,969,0,0,0,0,0,126726,21237,96501,8986,281,5762,1031,4501,230,13897,10,11185,16372,841,39,2,25321,9611,15531,178,8289,7950,0,0,41,113,80,9,245,12,7,0,6,17,False,False,False,False,False,False,0,0,0,0,0,0,0,0,0,0,0,0,0,0,8005,505,239,265,9111,36,40,0,9104,25,40,0,8014,134,0,0,8138,2,0,0,8135,1097,1,0,8000,8100,5005,5008,5002,2,1.7000000000000002,0.1,,,369.7,306.20000000000005,,,297.3,255.1,,,850.3,888.8,,,DUO,MIDDLE,1695022,ESPORTSTMNT02,1612481084739,1779,0,11,13,11.2.353.8505,CLASSIC,CUSTOM_GAME,2,10,4,0,0,0,0,0,249282,266620,27557,281,33940,23513,10195,230,21592,16,59377,28528,3861,161,64,74684,30917,37724,6039,42174,0,0,735,150,108,13,2756,20,0,67,35,26.900000000000002,23.700000000000003,0.0,0.0,1955.3,1769.7000000000003,0.0,0.0,1425.5,1217.7,0.0,0.0,2678.0,1523.3000000000002,0.0,0.0
3,100,34,4,12,FGO,OBI,MID,3,False,3108,6655,2055,1082,3158,3040,3363,1,0,1,0,1,0,0,0,0,0,0,0,158141,146177,11963,0,0,10135,9872,262,0,2771,1,5448,1760,617,28,30,15580,10644,4350,585,10149,9500,0,0,243,18,14,4,1291,15,4,0,13,4,False,False,False,False,False,False,0,0,0,0,0,0,0,0,0,0,0,0,0,0,8112,969,0,0,8139,808,0,0,8138,4,0,0,8135,1175,1,0,8226,250,1560,0,8210,2,0,0,8100,8200,5005,5008,5003,3,9.0,7.9,,,504.3,476.20000000000005,,,347.3,263.4,,,680.5,344.7,,,DUO,BOTTOM,1695022,ESPORTSTMNT02,1612481084739,1779,0,11,13,11.2.353.8505,CLASSIC,CUSTOM_GAME,2,10,4,0,0,0,0,0,249282,266620,27557,281,33940,23513,10195,230,21592,16,59377,28528,3861,161,64,74684,30917,37724,6039,42174,0,0,735,150,108,13,2756,20,0,67,35,26.900000000000002,23.700000000000003,0.0,0.0,1955.3,1769.7000000000003,0.0,0.0,1425.5,1217.7,0.0,0.0,2678.0,1523.3000000000002,0.0,0.0
4,100,81,4,7,FGO,Wyh,ADC,4,False,6632,3035,2055,1055,3042,3158,3363,0,1,1,0,0,0,803,0,0,0,0,0,117603,4480,108162,4960,0,6009,1856,4152,0,2285,2,3176,2183,1795,19,0,7802,2963,4384,454,9795,9350,0,0,232,8,8,0,0,13,4,0,10,4,False,False,False,False,False,False,0,0,0,0,0,0,0,0,0,0,0,0,0,0,8005,41,32,8,8009,653,0,0,9103,0,0,0,8014,77,0,0,8226,250,1287,0,8210,2,0,0,8000,8200,5005,5008,5002,4,7.8,7.5,,,359.0,294.6,,,299.7,280.1,,,252.0,70.19999999999999,,,DUO,BOTTOM,1695022,ESPORTSTMNT02,1612481084739,1779,0,11,13,11.2.353.8505,CLASSIC,CUSTOM_GAME,2,10,4,0,0,0,0,0,249282,266620,27557,281,33940,23513,10195,230,21592,16,59377,28528,3861,161,64,74684,30917,37724,6039,42174,0,0,735,150,108,13,2756,20,0,67,35,26.900000000000002,23.700000000000003,0.0,0.0,1955.3,1769.7000000000003,0.0,0.0,1425.5,1217.7,0.0,0.0,2678.0,1523.3000000000002,0.0,0.0
5,100,3,4,14,FGO,Giannio,SUP,5,False,3860,0,2065,1029,3009,2055,3364,0,3,1,0,0,0,812,0,0,0,0,0,27943,22112,1609,4221,0,2586,2586,0,0,283,2,13512,1910,453,51,8,12424,5421,5582,1421,5810,5650,0,0,34,0,0,0,22,12,4,0,29,3,False,False,False,False,False,False,0,0,0,0,0,0,0,0,0,0,0,0,0,0,8439,149,0,0,8463,150,0,0,8473,300,0,0,8451,183,0,0,8275,1,0,0,8210,0,0,0,8400,8200,5008,5002,5003,5,1.2999999999999998,1.6,,,228.6,261.4,,,198.5,182.3,,,495.0,78.7,,,DUO,BOTTOM,1695022,ESPORTSTMNT02,1612481084739,1779,0,11,13,11.2.353.8505,CLASSIC,CUSTOM_GAME,2,10,4,0,0,0,0,0,249282,266620,27557,281,33940,23513,10195,230,21592,16,59377,28528,3861,161,64,74684,30917,37724,6039,42174,0,0,735,150,108,13,2756,20,0,67,35,26.900000000000002,23.700000000000003,0.0,0.0,1955.3,1769.7000000000003,0.0,0.0,1425.5,1217.7,0.0,0.0,2678.0,1523.3000000000002,0.0,0.0
6,200,164,4,12,BAN,Lance,TOP,6,True,3074,2055,3111,6632,1037,3044,3363,1,0,2,0,1,0,0,0,0,0,0,0,147474,698,116451,30325,0,8909,698,4798,3412,8421,1,14346,7812,5270,36,14,19303,6925,12323,54,11794,10550,3,1,222,0,0,0,225,17,7,0,15,5,False,False,False,True,False,False,0,0,0,0,0,0,0,0,0,0,0,0,0,0,8437,461,401,0,8446,1440,0,0,8444,1124,0,0,8453,929,227,0,8304,10,3,0,8345,3,0,0,8400,8300,5005,5008,5003,6,8.5,5.7,,,562.7,385.6,,,473.3,224.3,,,616.2,249.0,,,NONE,JUNGLE,1695022,ESPORTSTMNT02,1612481084739,1779,0,11,13,11.2.353.8505,CLASSIC,CUSTOM_GAME,10,2,16,1,0,0,0,0,360938,315956,72736,499,48059,29430,12586,6039,31665,9,47393,98990,20950,218,47,69950,28172,41547,230,57127,9,2,766,266,122,56,1089,45,0,92,29,28.7,24.5,0.0,0.0,2284.9,1831.7,0.0,0.0,2013.4,1285.2000000000003,0.0,0.0,2036.5,1263.8,0.0,0.0
7,200,163,11,4,BAN,Kazuo,JG,7,True,3135,2055,3157,3020,6653,3916,3364,3,0,6,3,1,1,0,0,0,0,0,0,210227,182508,15657,12061,0,11529,10582,402,544,12389,1,10398,42268,4104,40,7,19628,7589,12039,0,12914,11610,1,0,18,224,110,45,420,16,10,0,9,8,False,False,True,False,False,True,0,0,0,0,0,0,0,0,0,0,0,0,0,0,8128,610,9,0,8126,407,0,0,8138,18,0,0,8135,4739,4,0,8233,24,0,0,8236,24,0,0,8100,8200,5005,5008,5002,7,1.1,0.0,,,564.7,403.6,,,488.1,299.4,,,502.0,582.8,,,NONE,JUNGLE,1695022,ESPORTSTMNT02,1612481084739,1779,0,11,13,11.2.353.8505,CLASSIC,CUSTOM_GAME,10,2,16,1,0,0,0,0,360938,315956,72736,499,48059,29430,12586,6039,31665,9,47393,98990,20950,218,47,69950,28172,41547,230,57127,9,2,766,266,122,56,1089,45,0,92,29,28.7,24.5,0.0,0.0,2284.9,1831.7,0.0,0.0,2013.4,1285.2000000000003,0.0,0.0,2036.5,1263.8,0.0,0.0
8,200,112,4,12,BAN,Despe,MID,8,True,6655,3040,3113,3020,0,3057,3363,1,0,4,0,1,0,0,0,0,0,0,0,172733,147167,18406,7160,0,13438,12576,862,0,1322,1,6711,13036,3798,46,14,6702,4485,2195,22,11418,10150,3,0,246,8,1,4,220,16,8,0,18,5,True,False,False,False,False,True,0,0,0,0,0,0,0,0,0,0,0,0,0,0,8230,8,0,0,8226,250,1377,0,8210,5,0,0,8237,499,0,0,8345,3,0,0,8352,189,818,557,8200,8300,5005,5008,5003,8,9.3,8.5,,,495.29999999999995,476.3,,,348.6,309.70000000000005,,,237.8,140.5,,,NONE,JUNGLE,1695022,ESPORTSTMNT02,1612481084739,1779,0,11,13,11.2.353.8505,CLASSIC,CUSTOM_GAME,10,2,16,1,0,0,0,0,360938,315956,72736,499,48059,29430,12586,6039,31665,9,47393,98990,20950,218,47,69950,28172,41547,230,57127,9,2,766,266,122,56,1089,45,0,92,29,28.7,24.5,0.0,0.0,2284.9,1831.7,0.0,0.0,2013.4,1285.2000000000003,0.0,0.0,2036.5,1263.8,0.0,0.0
9,200,145,7,4,BAN,23,ADC,9,True,3085,2055,3006,6672,6676,1036,3363,4,0,0,4,2,1,1774,1,0,0,0,0,186152,12122,159091,14939,499,10685,2708,6392,1583,3854,3,5766,29352,7393,29,0,9087,3431,5656,0,13653,11950,2,1,252,32,11,5,49,15,6,0,12,5,False,False,False,False,True,False,0,0,0,0,0,0,0,0,0,0,0,0,0,0,9923,30,83,0,8139,572,0,0,8138,4,0,0,8135,1458,2,0,8009,905,0,0,9103,25,50,0,8100,8000,5005,5008,5002,9,8.6,8.9,,,430.7,320.9,,,459.4,295.9,,,260.4,90.4,,,SOLO,BOTTOM,1695022,ESPORTSTMNT02,1612481084739,1779,0,11,13,11.2.353.8505,CLASSIC,CUSTOM_GAME,10,2,16,1,0,0,0,0,360938,315956,72736,499,48059,29430,12586,6039,31665,9,47393,98990,20950,218,47,69950,28172,41547,230,57127,9,2,766,266,122,56,1089,45,0,92,29,28.7,24.5,0.0,0.0,2284.9,1831.7,0.0,0.0,2013.4,1285.2000000000003,0.0,0.0,2036.5,1263.8,0.0,0.0
10,200,79,14,4,BAN,Lyng,SUP,10,True,3158,3860,0,3067,2065,1029,3364,1,2,4,0,1,0,1171,0,0,0,0,0,33046,18443,6351,8251,0,3498,2866,132,500,5679,3,10172,6522,385,67,12,15230,5742,9334,154,7348,6830,0,0,28,2,0,2,175,12,14,0,38,6,False,False,False,False,False,True,0,0,0,0,0,0,0,0,0,0,0,0,0,0,8439,0,0,0,8463,180,0,0,8473,311,0,0,8242,28,0,0,8345,3,0,0,8347,0,0,0,8400,8300,5008,5003,5002,10,1.2,1.4,,,231.5,245.29999999999998,,,244.0,155.89999999999998,,,420.1,201.1,,,NONE,JUNGLE,1695022,ESPORTSTMNT02,1612481084739,1779,0,11,13,11.2.353.8505,CLASSIC,CUSTOM_GAME,10,2,16,1,0,0,0,0,360938,315956,72736,499,48059,29430,12586,6039,31665,9,47393,98990,20950,218,47,69950,28172,41547,230,57127,9,2,766,266,122,56,1089,45,0,92,29,28.7,24.5,0.0,0.0,2284.9,1831.7,0.0,0.0,2013.4,1285.2000000000003,0.0,0.0,2036.5,1263.8,0.0,0.0
1,100,58,4,12,VDL,Cesaroxx,TOP,1,True,3065,6630,3143,3053,6609,3047,3363,5,2,10,3,1,2,1116,0,0,0,0,0,274771,5315,259491,9965,0,26536,3948,21327,1260,19974,1,57107,21746,7236,63,23,43353,7803,32488,3062,19984,18050,3,1,336,12,5,4,48,18,4,0,18,12,True,False,False,True,True,False,0,0,0,0,0,0,0,0,0,0,0,0,0,0,8010,1740,0,0,9111,2315,300,0,9104,18,20,0,8014,431,0,0,8453,1920,573,0,8446,3178,0,0,8000,8400,5005,5008,5002,1,8.2,8.2,6.0,9.6,424.70000000000005,458.2,627.0,663.7,442.0,333.6,535.8,465.5,817.3,299.9,1277.7,1161.8,DUO,MIDDLE,1695047,ESPORTSTMNT02,1612483976973,2616,0,11,13,11.2.353.8505,CLASSIC,CUSTOM_GAME,23,18,41,1,0,0,0,0,404211,560082,66672,575,110836,56624,44109,10097,62965,8,163089,108327,20823,312,93,146521,33924,103524,9068,81573,10,3,956,291,186,29,926,44,0,121,51,23.9,27.0,18.1,21.700000000000003,1804.6000000000001,1828.6,2905.7999999999997,2410.7000000000003,1615.6,1303.8999999999999,2274.7000000000003,1868.1999999999998,2698.2,1154.3,4574.3,3393.9000000000005
2,100,60,4,11,VDL,Lullaby,JG,2,True,4636,3157,2421,1052,3165,3020,3364,1,5,6,0,1,0,682,0,0,0,0,0,193313,150374,27329,15610,0,13202,12235,444,521,13624,1,20264,38539,4172,53,18,28006,7874,20049,82,13804,12910,1,0,27,180,115,17,211,17,9,0,9,14,False,False,True,False,False,True,0,0,0,0,0,0,0,0,0,0,0,0,0,0,8112,945,0,0,8126,258,0,0,8138,14,0,0,8105,11,4,0,8275,23,0,0,8232,11,0,0,8100,8200,5005,5008,5002,2,0.8,0.30000000000000004,0.30000000000000004,1.2,351.70000000000005,308.1,395.3,509.6,321.4,249.2,286.6,374.0,611.7,453.5,628.7,581.2,DUO,MIDDLE,1695047,ESPORTSTMNT02,1612483976973,2616,0,11,13,11.2.353.8505,CLASSIC,CUSTOM_GAME,23,18,41,1,0,0,0,0,404211,560082,66672,575,110836,56624,44109,10097,62965,8,163089,108327,20823,312,93,146521,33924,103524,9068,81573,10,3,956,291,186,29,926,44,0,121,51,23.9,27.0,18.1,21.700000000000003,1804.6000000000001,1828.6,2905.7999999999997,2410.7000000000003,1615.6,1303.8999999999999,2274.7000000000003,1868.1999999999998,2698.2,1154.3,4574.3,3393.9000000000005
3,100,517,4,12,VDL,Blackengel,MID,3,True,3157,3152,3041,3089,3020,3165,3340,7,3,8,4,1,2,1110,0,0,0,0,0,208915,179004,11005,18905,0,29625,27931,609,1084,17876,1,35439,15363,1570,40,30,33938,7683,23670,2584,17209,16510,0,1,223,55,30,4,489,18,3,0,18,4,False,False,False,False,False,False,0,0,0,0,0,0,0,0,0,0,0,0,0,0,8021,6762,0,0,8009,4030,0,0,9105,18,30,0,8014,493,0,0,8226,250,746,0,8210,17,0,0,8000,8200,5007,5008,5002,3,7.1,7.699999999999999,3.7,3.7,471.2,484.79999999999995,691.3,484.0,329.5,287.3,565.5,398.0,592.2,205.0,1276.9,704.8,DUO,BOTTOM,1695047,ESPORTSTMNT02,1612483976973,2616,0,11,13,11.2.353.8505,CLASSIC,CUSTOM_GAME,23,18,41,1,0,0,0,0,404211,560082,66672,575,110836,56624,44109,10097,62965,8,163089,108327,20823,312,93,146521,33924,103524,9068,81573,10,3,956,291,186,29,926,44,0,121,51,23.9,27.0,18.1,21.700000000000003,1804.6000000000001,1828.6,2905.7999999999997,2410.7000000000003,1615.6,1303.8999999999999,2274.7000000000003,1868.1999999999998,2698.2,1154.3,4574.3,3393.9000000000005
4,100,145,4,7,VDL,Aedon,ADC,4,True,3046,6671,3026,3006,3033,6676,3363,10,3,6,8,2,1,822,1,0,0,0,0,295169,23824,260332,11010,567,31903,5223,21541,5138,10129,4,15584,29435,7229,49,5,20393,5426,13830,1136,20247,16850,6,1,326,44,36,4,130,18,6,0,15,12,False,False,False,False,False,True,0,0,0,0,0,0,0,0,0,0,0,0,0,0,9923,65,77,0,8139,997,0,0,8138,18,0,0,8135,5345,5,0,9103,27,40,0,8009,3046,0,0,8100,8000,5005,5008,5003,4,6.4,9.2,7.5,6.6,317.5,291.4,743.5,416.4,331.8,282.29999999999995,610.2,392.8,397.9,107.80000000000001,627.8,455.4,DUO,BOTTOM,1695047,ESPORTSTMNT02,1612483976973,2616,0,11,13,11.2.353.8505,CLASSIC,CUSTOM_GAME,23,18,41,1,0,0,0,0,404211,560082,66672,575,110836,56624,44109,10097,62965,8,163089,108327,20823,312,93,146521,33924,103524,9068,81573,10,3,956,291,186,29,926,44,0,121,51,23.9,27.0,18.1,21.700000000000003,1804.6000000000001,1828.6,2905.7999999999997,2410.7000000000003,1615.6,1303.8999999999999,2274.7000000000003,1868.1999999999998,2698.2,1154.3,4574.3,3393.9000000000005
5,100,3,4,14,VDL,NoisyB,SUP,5,True,3109,3190,3860,2055,3009,3076,3364,0,5,11,0,0,0,1103,0,0,0,0,0,58802,45694,1925,11182,8,9570,7287,188,2094,1362,1,34695,3244,616,107,17,20831,5138,13487,2204,10329,9650,0,0,44,0,0,0,48,16,22,0,61,9,False,False,False,False,False,True,0,0,0,0,0,0,0,0,0,0,0,0,0,0,8439,538,0,0,8401,225,0,0,8473,514,0,0,8451,259,0,0,8275,10,0,0,8210,16,0,0,8400,8200,5008,5002,5002,5,1.4,1.6,0.6,0.6000000000000001,239.5,286.1,448.7,337.0,190.89999999999998,151.5,276.6,237.89999999999998,279.1,88.10000000000001,763.2,490.70000000000005,DUO,BOTTOM,1695047,ESPORTSTMNT02,1612483976973,2616,0,11,13,11.2.353.8505,CLASSIC,CUSTOM_GAME,23,18,41,1,0,0,0,0,404211,560082,66672,575,110836,56624,44109,10097,62965,8,163089,108327,20823,312,93,146521,33924,103524,9068,81573,10,3,956,291,186,29,926,44,0,121,51,23.9,27.0,18.1,21.700000000000003,1804.6000000000001,1828.6,2905.7999999999997,2410.7000000000003,1615.6,1303.8999999999999,2274.7000000000003,1868.1999999999998,2698.2,1154.3,4574.3,3393.9000000000005
6,200,6,12,4,RR,TacoGumPrime,TOP,6,False,3053,6631,3111,3748,3075,3026,3363,6,6,7,2,2,2,632,2,0,0,0,0,324673,444,304326,19903,12,33296,179,30449,2668,15436,1,41298,23882,2292,80,37,37753,14693,19948,3111,17719,17475,1,0,292,39,21,0,319,18,9,0,24,15,False,False,False,False,False,False,0,0,0,0,0,0,0,0,0,0,0,0,0,0,8005,2595,1157,1437,9111,1622,260,0,9105,18,30,0,8299,956,0,0,8139,1306,0,0,8135,4739,4,0,8000,8100,5008,5008,5002,6,5.9,7.0,4.9,8.1,470.20000000000005,450.1,462.6,568.1,359.5,240.89999999999998,465.6,435.1,567.8,295.0,1497.4,789.6,NONE,JUNGLE,1695047,ESPORTSTMNT02,1612483976973,2616,0,11,13,11.2.353.8505,CLASSIC,CUSTOM_GAME,18,23,41,3,0,0,0,0,222856,831792,66083,711,106676,30295,67404,8974,83016,8,156830,76956,11372,299,128,162600,62339,90161,10096,74370,5,0,982,303,205,28,1009,41,0,111,55,23.7,25.9,15.599999999999998,24.700000000000003,2185.2,1889.1,2040.8000000000002,2120.6,1755.0,1246.6000000000001,1702.9999999999998,1806.0000000000002,3006.6,1596.9,4878.799999999999,3003.2000000000003
7,200,120,11,6,RR,Gabylidades,JG,7,False,6609,3111,3078,3053,2138,3065,3364,4,4,11,2,2,1,1214,1,0,0,0,0,302386,24804,248029,29552,0,18362,3438,14236,687,40737,1,55119,25112,0,39,13,62088,16402,43252,2433,15209,14708,0,0,41,231,156,27,264,18,9,0,8,7,False,False,False,False,False,False,0,0,0,0,0,0,0,0,0,0,0,0,0,0,8010,897,0,0,9111,1526,300,0,9104,13,40,0,8299,772,0,0,8143,400,0,0,8135,8370,5,0,8000,8100,5005,5008,5002,7,0.5,0.0,0.5,1.6,495.0,399.9,353.2,432.2,404.6,293.9,283.2,336.9,1183.6,987.3,1389.8,1139.2,NONE,JUNGLE,1695047,ESPORTSTMNT02,1612483976973,2616,0,11,13,11.2.353.8505,CLASSIC,CUSTOM_GAME,18,23,41,3,0,0,0,0,222856,831792,66083,711,106676,30295,67404,8974,83016,8,156830,76956,11372,299,128,162600,62339,90161,10096,74370,5,0,982,303,205,28,1009,41,0,111,55,23.7,25.9,15.599999999999998,24.700000000000003,2185.2,1889.1,2040.8000000000002,2120.6,1755.0,1246.6000000000001,1702.9999999999998,1806.0000000000002,3006.6,1596.9,4878.799999999999,3003.2000000000003
8,200,777,14,4,RR,White Howl,MID,8,False,3111,3033,1057,3026,6673,3031,3364,5,3,8,4,1,1,1843,0,0,0,0,0,311367,40408,260003,10955,688,31859,5835,21394,4630,14343,1,32319,21499,7372,33,19,26591,10645,14313,1633,17603,16925,3,0,320,14,9,1,173,18,3,0,8,8,False,False,False,False,False,False,0,0,0,0,0,0,0,0,0,0,0,0,0,0,8021,3424,0,0,9111,1079,260,0,9104,18,20,0,8014,570,0,0,8139,1000,0,0,8135,4032,5,0,8000,8100,5005,5008,5003,8,7.3999999999999995,9.1,5.3,9.0,519.4,491.6,403.6,506.1,389.1,301.70000000000005,408.5,496.20000000000005,660.7,119.4,873.4000000000001,323.8,NONE,JUNGLE,1695047,ESPORTSTMNT02,1612483976973,2616,0,11,13,11.2.353.8505,CLASSIC,CUSTOM_GAME,18,23,41,3,0,0,0,0,222856,831792,66083,711,106676,30295,67404,8974,83016,8,156830,76956,11372,299,128,162600,62339,90161,10096,74370,5,0,982,303,205,28,1009,41,0,111,55,23.7,25.9,15.599999999999998,24.700000000000003,2185.2,1889.1,2040.8000000000002,2120.6,1755.0,1246.6000000000001,1702.9999999999998,1806.0000000000002,3006.6,1596.9,4878.799999999999,3003.2000000000003
9,200,69,4,1,RR,FREDEAD,ADC,9,False,3157,3065,2003,3040,6653,3916,3363,1,6,7,0,1,0,1116,0,0,0,0,0,153340,144173,8678,488,0,17474,16806,479,188,7898,1,10106,5138,1234,29,28,22381,14328,7196,856,14220,15150,1,0,278,19,19,0,176,16,6,0,20,6,False,False,False,False,False,False,0,0,0,0,0,0,0,0,0,0,0,0,0,0,8010,259,0,0,8009,2073,0,0,9105,18,30,0,8014,384,0,0,8139,1259,0,0,8135,1778,4,0,8000,8100,5008,5008,5002,9,8.6,8.4,3.6,5.4,442.5,296.4,377.0,308.79999999999995,362.79999999999995,262.9,317.4,301.6,334.7,140.5,662.3,567.0,SOLO,BOTTOM,1695047,ESPORTSTMNT02,1612483976973,2616,0,11,13,11.2.353.8505,CLASSIC,CUSTOM_GAME,18,23,41,3,0,0,0,0,222856,831792,66083,711,106676,30295,67404,8974,83016,8,156830,76956,11372,299,128,162600,62339,90161,10096,74370,5,0,982,303,205,28,1009,41,0,111,55,23.7,25.9,15.599999999999998,24.700000000000003,2185.2,1889.1,2040.8000000000002,2120.6,1755.0,1246.6000000000001,1702.9999999999998,1806.0000000000002,3006.6,1596.9,4878.799999999999,3003.2000000000003
10,200,497,14,4,RR,Pally,SUP,10,False,3860,3075,3158,2065,3067,3024,3364,2,4,8,0,1,0,966,0,0,0,0,0,28968,13027,10756,5185,11,5685,4037,846,801,4602,4,17988,1325,474,118,31,13787,6271,5452,2063,9619,9350,0,0,51,0,0,0,77,15,14,0,51,19,False,False,False,False,False,False,0,0,0,0,0,0,0,0,0,0,0,0,0,0,8465,5895,0,0,8401,166,0,0,8473,345,0,0,8453,478,745,0,8275,6,0,0,8234,14961,0,0,8400,8200,5008,5008,5002,10,1.2999999999999998,1.4,1.2999999999999998,0.6,258.1,251.1,444.4,305.4,239.0,147.2,228.3,236.2,259.8,54.7,455.9,183.6,NONE,JUNGLE,1695047,ESPORTSTMNT02,1612483976973,2616,0,11,13,11.2.353.8505,CLASSIC,CUSTOM_GAME,18,23,41,3,0,0,0,0,222856,831792,66083,711,106676,30295,67404,8974,83016,8,156830,76956,11372,299,128,162600,62339,90161,10096,74370,5,0,982,303,205,28,1009,41,0,111,55,23.7,25.9,15.599999999999998,24.700000000000003,2185.2,1889.1,2040.8000000000002,2120.6,1755.0,1246.6000000000001,1702.9999999999998,1806.0000000000002,3006.6,1596.9,4878.799999999999,3003.2000000000003
1,100,82,4,12,HIPO,Black Star,TOP,1,True,4637,4633,0,3111,3916,1054,3340,3,3,12,2,2,1,680,1,0,0,0,0,110118,84432,17506,8179,0,11899,10028,1797,74,10003,1,18714,10454,1787,24,2,20255,7497,11925,833,10617,9110,2,1,170,4,0,4,44,15,4,0,13,6,False,False,False,False,False,False,0,0,0,0,0,0,0,0,0,0,0,0,0,0,8010,203,0,0,9111,572,300,0,9105,15,0,0,8299,295,0,0,8139,734,0,0,8135,2718,5,0,8000,8100,5005,5008,5002,1,7.2,5.4,,,514.1,397.1,,,399.9,227.1,,,870.6999999999999,291.1,,,DUO,MIDDLE,1695077,ESPORTSTMNT02,1612487407226,1735,0,11,13,11.2.353.8505,CLASSIC,CUSTOM_GAME,24,10,55,2,0,0,0,0,216040,403748,47317,1111,60673,29004,28822,2842,41118,12,69826,89879,16985,190,83,79496,25998,51058,2435,57513,11,2,689,191,111,19,507,34,0,74,44,24.5,22.4,0.0,0.0,2337.0,1733.6999999999998,0.0,0.0,2135.7,1250.6000000000001,0.0,0.0,2846.5,1563.5000000000002,0.0,0.0
2,100,80,11,4,HIPO,A266,JG,2,True,6630,0,6609,3053,3111,0,3364,7,3,8,2,1,3,672,0,0,0,0,0,204423,10392,175963,18067,0,10871,570,9922,378,14307,1,19941,38871,2098,41,11,26146,7525,17828,793,12973,11400,2,1,41,159,95,11,134,15,10,0,11,13,False,False,False,False,False,False,0,0,0,0,0,0,0,0,0,0,0,0,0,0,8010,225,0,0,9111,887,300,0,9105,10,50,0,8299,401,0,0,8304,9,4,5,8347,0,0,0,8000,8300,5005,5008,5002,2,0.7,1.2000000000000002,,,486.6,368.2,,,475.3,340.5,,,798.4,694.7,,,DUO,MIDDLE,1695077,ESPORTSTMNT02,1612487407226,1735,0,11,13,11.2.353.8505,CLASSIC,CUSTOM_GAME,24,10,55,2,0,0,0,0,216040,403748,47317,1111,60673,29004,28822,2842,41118,12,69826,89879,16985,190,83,79496,25998,51058,2435,57513,11,2,689,191,111,19,507,34,0,74,44,24.5,22.4,0.0,0.0,2337.0,1733.6999999999998,0.0,0.0,2135.7,1250.6000000000001,0.0,0.0,2846.5,1563.5000000000002,0.0,0.0
3,100,142,12,4,HIPO,elito,MID,3,True,1082,2055,4628,6653,1058,3020,3364,7,1,7,4,1,2,1127,0,0,0,0,0,126853,99438,15972,11442,0,16590,13428,1668,1493,2780,2,3594,11257,4222,24,19,8583,3720,4736,125,11815,9750,3,0,186,4,4,0,78,16,6,0,7,5,False,False,False,False,False,True,0,0,0,0,0,0,0,0,0,0,0,0,0,0,8214,1299,0,0,8226,250,588,0,8210,14,0,0,8236,24,0,0,8304,10,3,0,8352,265,1247,900,8200,8300,5005,5008,5002,3,5.9,6.199999999999999,,,477.29999999999995,386.0,,,419.8,236.3,,,271.4,355.0,,,DUO,BOTTOM,1695077,ESPORTSTMNT02,1612487407226,1735,0,11,13,11.2.353.8505,CLASSIC,CUSTOM_GAME,24,10,55,2,0,0,0,0,216040,403748,47317,1111,60673,29004,28822,2842,41118,12,69826,89879,16985,190,83,79496,25998,51058,2435,57513,11,2,689,191,111,19,507,34,0,74,44,24.5,22.4,0.0,0.0,2337.0,1733.6999999999998,0.0,0.0,2135.7,1250.6000000000001,0.0,0.0,2846.5,1563.5000000000002,0.0,0.0
4,100,202,7,4,HIPO,JugueroX,ADC,4,True,3009,6671,2055,1037,6676,3094,3363,5,0,14,5,2,1,0,1,0,0,0,0,204523,14405,188094,2023,1111,18271,2381,15219,669,6521,3,5391,26166,8079,28,28,9451,2338,6982,129,14164,11550,4,0,256,24,12,4,202,16,5,0,11,8,False,False,True,False,False,False,0,0,0,0,0,0,0,0,0,0,0,0,0,0,8021,1274,0,0,8009,2403,0,0,9103,16,50,0,8017,471,0,0,8139,748,0,0,8135,3164,5,0,8000,8100,5008,5008,5002,4,9.2,8.2,,,552.4000000000001,322.29999999999995,,,545.3,259.5,,,342.70000000000005,62.3,,,DUO,BOTTOM,1695077,ESPORTSTMNT02,1612487407226,1735,0,11,13,11.2.353.8505,CLASSIC,CUSTOM_GAME,24,10,55,2,0,0,0,0,216040,403748,47317,1111,60673,29004,28822,2842,41118,12,69826,89879,16985,190,83,79496,25998,51058,2435,57513,11,2,689,191,111,19,507,34,0,74,44,24.5,22.4,0.0,0.0,2337.0,1733.6999999999998,0.0,0.0,2135.7,1250.6000000000001,0.0,0.0,2846.5,1563.5000000000002,0.0,0.0
5,100,12,4,14,HIPO,Wuipoo,SUP,5,True,2055,3024,3190,3067,3117,3860,3364,2,3,14,0,1,0,659,0,0,0,0,0,21193,7373,6213,7606,0,3042,2597,216,228,7507,5,22186,3131,799,73,23,15061,4918,9587,555,7944,6475,0,0,36,0,0,0,49,12,9,0,32,12,False,False,False,True,False,False,0,0,0,0,0,0,0,0,0,0,0,0,0,0,8439,402,0,0,8463,596,0,0,8429,58,17,14,8242,19,0,0,8306,7,0,0,8316,493,0,0,8400,8300,5007,5002,5003,5,1.5,1.4,,,306.6,260.1,,,295.4,187.2,,,563.3,160.4,,,DUO,BOTTOM,1695077,ESPORTSTMNT02,1612487407226,1735,0,11,13,11.2.353.8505,CLASSIC,CUSTOM_GAME,24,10,55,2,0,0,0,0,216040,403748,47317,1111,60673,29004,28822,2842,41118,12,69826,89879,16985,190,83,79496,25998,51058,2435,57513,11,2,689,191,111,19,507,34,0,74,44,24.5,22.4,0.0,0.0,2337.0,1733.6999999999998,0.0,0.0,2135.7,1250.6000000000001,0.0,0.0,2846.5,1563.5000000000002,0.0,0.0
6,200,98,4,12,QE,Capoeira,TOP,6,False,3075,0,3111,0,1028,3068,3363,3,3,6,2,1,1,547,0,0,0,0,0,76192,32861,24808,18522,14,9376,4763,4160,452,4534,1,31441,0,0,31,21,20715,8815,10828,1071,8462,8425,0,0,153,0,0,0,168,14,7,0,15,5,True,False,False,False,False,False,0,0,0,0,0,0,0,0,0,0,0,0,0,0,8437,596,496,0,8401,496,0,0,8444,1047,0,0,8451,183,0,0,8126,494,0,0,8106,4,0,0,8400,8100,5005,5008,5003,6,6.0,6.0,,,496.8,403.8,,,330.4,280.7,,,604.6,259.7,,,NONE,JUNGLE,1695077,ESPORTSTMNT02,1612487407226,1735,0,11,13,11.2.353.8505,CLASSIC,CUSTOM_GAME,10,24,26,2,0,0,0,0,164252,258872,41268,560,45861,23093,20328,2437,20018,7,79656,13881,0,186,54,81842,31812,47183,2843,43240,0,0,654,158,120,4,725,35,0,90,31,23.5,23.7,0.0,0.0,2087.6,1757.1,0.0,0.0,1666.2999999999997,1267.6000000000001,0.0,0.0,2648.9,1501.7000000000003,0.0,0.0
7,200,163,11,4,QE,Ponchera,JG,7,False,6655,3165,3020,2055,1029,0,3364,1,6,8,0,1,0,656,0,0,0,0,0,129306,109636,14273,5397,0,12105,10849,862,393,7645,1,8552,9790,0,41,8,21012,6409,14078,524,8622,8525,0,0,11,134,96,4,339,13,5,0,16,6,False,False,False,False,False,False,0,0,0,0,0,0,0,0,0,0,0,0,0,0,8128,651,12,0,8126,350,0,0,8136,11,30,0,8135,2529,3,0,8232,3,50,0,8275,12,0,0,8100,8200,5005,5008,5002,7,0.7,0.0,,,422.9,338.8,,,335.29999999999995,276.8,,,724.6,559.4000000000001,,,NONE,JUNGLE,1695077,ESPORTSTMNT02,1612487407226,1735,0,11,13,11.2.353.8505,CLASSIC,CUSTOM_GAME,10,24,26,2,0,0,0,0,164252,258872,41268,560,45861,23093,20328,2437,20018,7,79656,13881,0,186,54,81842,31812,47183,2843,43240,0,0,654,158,120,4,725,35,0,90,31,23.5,23.7,0.0,0.0,2087.6,1757.1,0.0,0.0,1666.2999999999997,1267.6000000000001,0.0,0.0,2648.9,1501.7000000000003,0.0,0.0
8,200,39,4,12,QE,DarkGet,MID,8,False,2033,3111,2055,1055,3153,3091,3363,1,5,5,0,1,0,656,0,0,0,0,0,112918,14402,97716,800,0,10127,5017,5110,0,4004,1,10985,542,0,20,13,15950,5786,9523,641,10016,9100,0,0,231,8,8,0,60,15,10,0,17,1,False,False,False,False,False,False,0,0,0,0,0,0,0,0,0,0,0,0,0,0,8010,233,0,0,9111,130,120,0,9105,16,50,0,8299,243,0,0,8345,3,0,0,8352,141,900,525,8000,8300,5005,5008,5003,8,8.4,7.6,,,506.0,451.5,,,386.4,278.5,,,514.3,492.6,,,NONE,JUNGLE,1695077,ESPORTSTMNT02,1612487407226,1735,0,11,13,11.2.353.8505,CLASSIC,CUSTOM_GAME,10,24,26,2,0,0,0,0,164252,258872,41268,560,45861,23093,20328,2437,20018,7,79656,13881,0,186,54,81842,31812,47183,2843,43240,0,0,654,158,120,4,725,35,0,90,31,23.5,23.7,0.0,0.0,2087.6,1757.1,0.0,0.0,1666.2999999999997,1267.6000000000001,0.0,0.0,2648.9,1501.7000000000003,0.0,0.0
9,200,21,7,4,QE,Kappi,ADC,9,False,1055,6672,6676,3006,3123,0,3363,3,5,3,2,2,1,652,1,0,0,0,0,133378,3174,119449,10753,528,11540,529,9882,1128,2780,2,11398,3390,0,23,5,12951,5545,7263,142,10003,9100,0,0,227,16,16,0,143,13,4,0,12,5,False,False,False,False,False,False,0,0,0,0,0,0,0,0,0,0,0,0,0,0,8005,557,288,269,9101,3307,4675,0,9103,22,30,0,8014,122,0,0,8139,361,0,0,8135,672,3,0,8000,8100,5005,5008,5002,9,7.4,8.6,,,422.4,321.9,,,367.1,272.2,,,484.0,66.8,,,SOLO,BOTTOM,1695077,ESPORTSTMNT02,1612487407226,1735,0,11,13,11.2.353.8505,CLASSIC,CUSTOM_GAME,10,24,26,2,0,0,0,0,164252,258872,41268,560,45861,23093,20328,2437,20018,7,79656,13881,0,186,54,81842,31812,47183,2843,43240,0,0,654,158,120,4,725,35,0,90,31,23.5,23.7,0.0,0.0,2087.6,1757.1,0.0,0.0,1666.2999999999997,1267.6000000000001,0.0,0.0,2648.9,1501.7000000000003,0.0,0.0
10,200,526,14,4,QE,ILvCheapTrils,SUP,10,False,3860,3190,2055,3076,3047,1028,3364,2,5,4,2,2,1,659,1,0,0,0,0,12601,4179,2626,5796,18,2713,1935,314,464,1055,2,17280,159,0,71,7,11214,5257,5491,465,6137,5975,0,0,32,0,0,0,15,10,9,0,30,14,False,False,False,False,False,False,0,0,0,0,0,0,0,0,0,0,0,0,0,0,8439,461,0,0,8401,69,0,0,8473,126,0,0,8242,54,0,0,8347,0,0,0,8306,0,0,0,8400,8300,5008,5002,5002,10,1.0,1.5,,,239.5,241.1,,,247.1,159.4,,,321.4,123.19999999999999,,,NONE,JUNGLE,1695077,ESPORTSTMNT02,1612487407226,1735,0,11,13,11.2.353.8505,CLASSIC,CUSTOM_GAME,10,24,26,2,0,0,0,0,164252,258872,41268,560,45861,23093,20328,2437,20018,7,79656,13881,0,186,54,81842,31812,47183,2843,43240,0,0,654,158,120,4,725,35,0,90,31,23.5,23.7,0.0,0.0,2087.6,1757.1,0.0,0.0,1666.2999999999997,1267.6000000000001,0.0,0.0,2648.9,1501.7000000000003,0.0,0.0
1,100,516,4,12,3SG,Defstruction,TOP,1,True,1054,7004,3076,4401,3047,1028,3340,1,0,6,0,1,0,0,0,0,0,0,0,101638,36125,60868,4645,13,6878,3996,2881,0,319,1,16939,6682,1755,35,19,12253,3510,8436,306,10024,8750,1,0,204,4,0,0,420,16,2,0,11,9,True,False,False,False,False,True,0,0,0,0,0,0,0,0,0,0,0,0,0,0,8437,389,330,0,8446,795,0,0,8444,1095,0,0,8451,232,0,0,8304,11,1,5,8345,3,0,0,8400,8300,5005,5002,5002,1,8.399999999999999,7.2,,,515.9000000000001,493.4,,,327.0,285.9,,,426.90000000000003,333.1,,,DUO,MIDDLE,1695096,ESPORTSTMNT02,1612491506132,1781,0,11,13,11.2.353.8505,CLASSIC,CUSTOM_GAME,12,2,31,2,1,0,0,0,284120,291574,33977,1580,35215,19374,13996,1841,20797,11,51444,59551,16269,199,41,53686,17231,33507,2943,52120,6,1,704,233,159,8,959,24,0,72,33,24.4,25.1,0.0,0.0,2198.9,1940.7000000000003,0.0,0.0,1687.5,1268.6,0.0,0.0,2143.8999999999996,1221.6000000000004,0.0,0.0
2,100,77,11,4,3SG,Shido,JG,2,True,3111,6664,3742,4401,0,0,3364,1,1,7,0,1,0,1731,0,0,0,0,0,179921,99267,71574,9080,0,5020,2635,2112,272,13076,1,22469,15075,532,38,10,24331,5545,17055,1730,10927,10650,1,0,11,211,149,8,273,15,6,0,8,7,False,False,False,False,False,False,0,0,0,0,0,0,0,0,0,0,0,0,0,0,8230,5,0,0,8275,17,0,0,8234,13432,0,0,8232,7,10,0,9111,809,160,0,9104,17,10,0,8200,8000,5005,5008,5002,2,0.30000000000000004,0.1,,,486.8,372.6,,,363.9,277.9,,,948.0999999999999,697.2,,,DUO,MIDDLE,1695096,ESPORTSTMNT02,1612491506132,1781,0,11,13,11.2.353.8505,CLASSIC,CUSTOM_GAME,12,2,31,2,1,0,0,0,284120,291574,33977,1580,35215,19374,13996,1841,20797,11,51444,59551,16269,199,41,53686,17231,33507,2943,52120,6,1,704,233,159,8,959,24,0,72,33,24.4,25.1,0.0,0.0,2198.9,1940.7000000000003,0.0,0.0,1687.5,1268.6,0.0,0.0,2143.8999999999996,1221.6000000000004,0.0,0.0
3,100,112,4,12,3SG,Gavaacon,MID,3,True,3157,2055,7012,3020,3070,0,3363,1,1,7,0,1,0,711,0,0,0,0,0,116151,102327,13823,0,0,9499,9318,180,0,302,1,5075,9700,1923,18,7,4051,2089,1729,232,9935,8125,0,0,209,0,0,0,109,15,3,0,8,1,False,False,False,False,False,True,0,0,0,0,0,0,0,0,0,0,0,0,0,0,8230,4,0,0,8226,250,1076,0,8210,8,0,0,8237,344,0,0,8345,3,0,0,8352,86,285,441,8200,8300,5005,5008,5003,3,7.5,8.0,,,480.7,494.4,,,299.0,262.4,,,190.3,67.9,,,DUO,BOTTOM,1695096,ESPORTSTMNT02,1612491506132,1781,0,11,13,11.2.353.8505,CLASSIC,CUSTOM_GAME,12,2,31,2,1,0,0,0,284120,291574,33977,1580,35215,19374,13996,1841,20797,11,51444,59551,16269,199,41,53686,17231,33507,2943,52120,6,1,704,233,159,8,959,24,0,72,33,24.4,25.1,0.0,0.0,2198.9,1940.7000000000003,0.0,0.0,1687.5,1268.6,0.0,0.0,2143.8999999999996,1221.6000000000004,0.0,0.0
4,100,18,4,7,3SG,Cruiser,ADC,4,True,3094,7007,3095,3123,1055,3006,3363,9,0,2,9,3,1,1777,2,1,0,0,0,190897,34468,140509,15919,1567,12139,1879,8690,1569,5386,3,3806,25625,11249,35,2,8973,4145,4447,380,14379,11325,2,1,244,18,10,0,49,15,3,0,11,4,False,False,False,False,True,False,0,0,0,0,0,0,0,0,0,0,0,0,0,0,8005,680,396,284,9111,596,220,0,9103,19,30,0,8014,340,0,0,8139,432,0,0,8135,2556,5,0,8000,8100,5005,5008,5002,4,6.699999999999999,8.5,,,442.5,342.4,,,472.9,297.2,,,327.4,89.9,,,DUO,BOTTOM,1695096,ESPORTSTMNT02,1612491506132,1781,0,11,13,11.2.353.8505,CLASSIC,CUSTOM_GAME,12,2,31,2,1,0,0,0,284120,291574,33977,1580,35215,19374,13996,1841,20797,11,51444,59551,16269,199,41,53686,17231,33507,2943,52120,6,1,704,233,159,8,959,24,0,72,33,24.4,25.1,0.0,0.0,2198.9,1940.7000000000003,0.0,0.0,1687.5,1268.6,0.0,0.0,2143.8999999999996,1221.6000000000004,0.0,0.0
5,100,43,4,3,3SG,Vileon3,SUP,5,True,3860,6617,3158,3114,2055,0,3364,0,0,9,0,0,0,0,0,0,0,0,0,21068,11933,4800,4333,0,1679,1546,133,0,1714,5,3155,2469,810,73,3,4078,1942,1840,295,6855,5450,2,0,36,0,0,0,108,12,10,0,34,12,False,False,False,False,False,True,0,0,0,0,0,0,0,0,0,0,0,0,0,0,8465,926,0,0,8463,117,0,0,8473,267,0,0,8453,206,1742,0,8347,0,0,0,8345,3,0,0,8400,8300,5007,5008,5002,5,1.5,1.3,,,273.0,237.9,,,224.7,145.2,,,251.2,33.5,,,DUO,BOTTOM,1695096,ESPORTSTMNT02,1612491506132,1781,0,11,13,11.2.353.8505,CLASSIC,CUSTOM_GAME,12,2,31,2,1,0,0,0,284120,291574,33977,1580,35215,19374,13996,1841,20797,11,51444,59551,16269,199,41,53686,17231,33507,2943,52120,6,1,704,233,159,8,959,24,0,72,33,24.4,25.1,0.0,0.0,2198.9,1940.7000000000003,0.0,0.0,1687.5,1268.6,0.0,0.0,2143.8999999999996,1221.6000000000004,0.0,0.0
6,200,150,4,12,STK,Aoenstar,TOP,6,False,1055,3067,6631,1036,3111,3133,3340,0,3,1,0,0,0,824,0,0,0,0,0,110390,11445,98945,0,0,5947,898,5048,0,1287,1,6928,3392,2085,36,17,10713,4211,6193,308,8929,7825,1,0,192,0,0,0,389,14,7,0,15,7,False,False,False,False,False,False,0,0,0,0,0,0,0,0,0,0,0,0,0,0,8437,124,85,0,8446,491,0,0,8473,376,0,0,8451,172,0,0,8139,460,0,0,8135,341,1,0,8400,8100,5005,5008,5003,6,8.1,6.0,,,486.5,440.79999999999995,,,332.5,243.10000000000002,,,363.0,344.5,,,NONE,JUNGLE,1695096,ESPORTSTMNT02,1612491506132,1781,0,11,13,11.2.353.8505,CLASSIC,CUSTOM_GAME,2,12,5,0,0,0,0,0,173570,340466,42696,274,29853,13581,13325,2945,19532,7,39079,36778,4098,182,66,60415,21740,36833,1838,42554,2,0,666,185,143,4,2169,39,0,80,32,25.3,22.8,0.0,0.0,1964.3999999999999,1807.8000000000002,0.0,0.0,1550.1000000000001,1158.0,0.0,0.0,2213.5,1442.6000000000001,0.0,0.0
7,200,2,11,6,STK,Ser Josh,JG,7,False,3053,6630,3047,2055,1029,1029,3364,1,3,0,0,1,0,695,0,0,0,0,0,175178,10756,137811,26610,0,6429,0,4680,1749,15266,1,20358,21211,0,40,9,27730,7068,20040,622,9230,9050,0,0,29,157,122,4,582,13,10,0,10,10,False,False,False,False,False,False,0,0,0,0,0,0,0,0,0,0,0,0,0,0,8010,115,0,0,9111,153,20,0,9104,19,20,0,8299,224,0,0,8304,12,0,0,8410,28,0,0,8000,8300,5005,5008,5003,7,0.8,0.3,,,338.5,351.1,,,302.2,275.5,,,943.7,776.2,,,NONE,JUNGLE,1695096,ESPORTSTMNT02,1612491506132,1781,0,11,13,11.2.353.8505,CLASSIC,CUSTOM_GAME,2,12,5,0,0,0,0,0,173570,340466,42696,274,29853,13581,13325,2945,19532,7,39079,36778,4098,182,66,60415,21740,36833,1838,42554,2,0,666,185,143,4,2169,39,0,80,32,25.3,22.8,0.0,0.0,1964.3999999999999,1807.8000000000002,0.0,0.0,1550.1000000000001,1158.0,0.0,0.0,2213.5,1442.6000000000001,0.0,0.0
8,200,34,4,12,STK,heart8,MID,8,False,6655,3157,3020,2055,3916,3070,3363,1,1,1,0,1,0,1740,0,0,0,0,0,144216,131709,7844,4662,0,9624,8926,355,342,393,1,4734,1563,0,24,25,7420,5169,2016,234,9315,8825,0,0,219,12,12,0,1147,15,7,0,16,2,False,False,False,False,False,False,0,0,0,0,0,0,0,0,0,0,0,0,0,0,8112,741,0,0,8126,434,0,0,8138,4,0,0,8135,721,2,0,8226,250,682,0,8210,0,0,0,8100,8200,5008,5008,5003,8,8.2,7.300000000000001,,,544.0,431.3,,,343.2,236.0,,,205.1,159.0,,,NONE,JUNGLE,1695096,ESPORTSTMNT02,1612491506132,1781,0,11,13,11.2.353.8505,CLASSIC,CUSTOM_GAME,2,12,5,0,0,0,0,0,173570,340466,42696,274,29853,13581,13325,2945,19532,7,39079,36778,4098,182,66,60415,21740,36833,1838,42554,2,0,666,185,143,4,2169,39,0,80,32,25.3,22.8,0.0,0.0,1964.3999999999999,1807.8000000000002,0.0,0.0,1550.1000000000001,1158.0,0.0,0.0,2213.5,1442.6000000000001,0.0,0.0
9,200,145,4,7,STK,Redsaturn,ADC,9,False,1055,6672,3035,3085,3006,0,3363,0,2,1,0,0,0,1080,0,0,0,0,0,113867,8471,94331,11064,274,4766,1030,3242,494,1956,3,3702,9407,1934,37,0,8568,2254,6006,307,9473,9350,1,0,209,16,9,0,27,13,4,0,13,8,False,False,True,False,False,False,0,0,0,0,0,0,0,0,0,0,0,0,0,0,9923,27,81,0,8139,373,0,0,8138,1,0,0,8135,453,1,0,8009,239,0,0,9103,0,0,0,8100,8000,5005,5008,5001,9,7.5,8.5,,,373.8,307.5,,,369.5,269.6,,,375.4,132.9,,,DUO,BOTTOM,1695096,ESPORTSTMNT02,1612491506132,1781,0,11,13,11.2.353.8505,CLASSIC,CUSTOM_GAME,2,12,5,0,0,0,0,0,173570,340466,42696,274,29853,13581,13325,2945,19532,7,39079,36778,4098,182,66,60415,21740,36833,1838,42554,2,0,666,185,143,4,2169,39,0,80,32,25.3,22.8,0.0,0.0,1964.3999999999999,1807.8000000000002,0.0,0.0,1550.1000000000001,1158.0,0.0,0.0,2213.5,1442.6000000000001,0.0,0.0
10,200,25,14,4,STK,Zen Wistaria,SUP,10,False,3157,3851,1052,3020,1052,0,3364,0,3,2,0,0,0,699,0,0,0,0,0,13085,11189,1535,360,0,3087,2727,0,360,630,1,3357,1205,79,45,15,5984,3038,2578,367,5607,5595,0,0,17,0,0,0,24,11,11,0,26,5,False,False,False,False,False,False,0,0,0,0,0,0,0,0,0,0,0,0,0,0,8229,437,0,0,8226,250,172,0,8210,0,0,0,8237,249,0,0,8313,0,0,0,8347,0,0,0,8200,8300,5008,5008,5002,10,0.7,0.7,,,221.6,277.1,,,202.7,133.8,,,326.3,30.0,,,DUO,BOTTOM,1695096,ESPORTSTMNT02,1612491506132,1781,0,11,13,11.2.353.8505,CLASSIC,CUSTOM_GAME,2,12,5,0,0,0,0,0,173570,340466,42696,274,29853,13581,13325,2945,19532,7,39079,36778,4098,182,66,60415,21740,36833,1838,42554,2,0,666,185,143,4,2169,39,0,80,32,25.3,22.8,0.0,0.0,1964.3999999999999,1807.8000000000002,0.0,0.0,1550.1000000000001,1158.0,0.0,0.0,2213.5,1442.6000000000001,0.0,0.0
